Row,a,b,c,d,e,f,g,h,j,k,l,n,o
a,0,8.10186493026366,8.46975560414572,3.14105270550248,13.466525393767,7.80805544757238,4.35875732622811,7.98895799743393,7.32711123986734,7.83724824442093,7.16897736601598,3.58228504999539,6.75919946555221
b,8.10186493026366,0,11.5369633259806,8.22798400776554,15.0751278548926,9.89101505845224,5.96198489553795,8.26085467833866,7.19892765291981,2.09065053421791,9.35732687174744,7.51853276383283,9.56416951385369
c,8.46975560414572,11.5369633259806,0,10.4881001808958,11.7323946707317,9.44077092075605,9.00092500100137,13.2982739800388,13.3003596616971,11.8861969136823,11.4088727269594,11.14815083994,11.5628017032063
d,3.14105270550248,8.22798400776554,10.4881001808958,0,14.2560101837948,8.33415121691977,5.9928245453325,6.83032182930387,5.01434765706805,7.56779321258818,7.1199963359204,1.81303454872749,5.65919380358514
e,13.466525393767,15.0751278548926,11.7323946707317,14.2560101837948,0,11.6603333325177,14.6537153436311,16.4750050005946,16.2718622124499,15.3706238403064,11.6551753164699,14.9187307653453,12.4724807063162
f,7.80805544757238,9.89101505845224,9.44077092075605,8.33415121691977,11.6603333325177,0,7.86235376273336,9.12746131945392,9.60903552161554,9.31092025884041,4.32124282339149,8.22667352258373,5.28170062781716
g,4.35875732622811,5.96198489553795,9.00092500100137,5.9928245453325,14.6537153436311,7.86235376273336,0,7.80634457065128,7.57235373188801,5.82571587412292,7.87558335623157,5.32276939680317,8.04874716611899
h,7.98895799743393,8.26085467833866,13.2982739800388,6.83032182930387,16.4750050005946,9.12746131945392,7.80634457065128,0,5.33069665452254,6.51788412220894,7.90827696452839,6.48171178876057,7.03901783991514
j,7.32711123986734,7.19892765291981,13.3003596616971,5.01434765706805,16.2718622124499,9.60903552161554,7.57235373188801,5.33069665452254,0,5.917510680719,8.01726494930366,4.3044376470507,6.85589025987499
k,7.83724824442093,2.09065053421791,11.8861969136823,7.56779321258818,15.3706238403064,9.31092025884041,5.82571587412292,6.51788412220894,5.917510680719,0,8.57575887471743,6.74532893877828,8.57718619894127
l,7.16897736601598,9.35732687174744,11.4088727269594,7.1199963359204,11.6551753164699,4.32124282339149,7.87558335623157,7.90827696452839,8.01726494930366,8.57575887471743,0,6.82031412962133,4.12382061773736
n,3.58228504999539,7.51853276383283,11.14815083994,1.81303454872749,14.9187307653453,8.22667352258373,5.32276939680317,6.48171178876057,4.3044376470507,6.74532893877828,6.82031412962133,0,5.72736514250645
o,6.75919946555221,9.56416951385369,11.5628017032063,5.65919380358514,12.4724807063162,5.28170062781716,8.04874716611899,7.03901783991514,6.85589025987499,8.57718619894127,4.12382061773736,5.72736514250645,0
