bird_num,syl1,syl2,acoustic_dist,z_scored_acoustic_dist,rho,sig_status_aft_all_corr,context
1,a,u,1.50767374963155,-0.25112800311791417,0.6144477935935458,positive,adjacent
1,a,g,1.28637564506585,-0.5775406461497691,-0.0707020859028081,non-significant,adjacent
1,u,h,2.76618079848156,1.6051581720191765,0.0038677221107877,non-significant,adjacent
1,u,g,1.85801024083619,0.26561505832418086,-0.0038680391406321,non-significant,adjacent
1,u,b,1.90989528522123,0.34214501552730725,-0.0179554616260101,non-significant,adjacent
1,e,a,0.884248473801114,-1.1706744782946208,0.0077214316185521,non-significant,adjacent
1,e,h,1.62053732239288,-0.08465528452259274,-0.4557214548937532,negative,adjacent
1,e,b,1.23829337475468,-0.6484615470135247,0.3965938262832291,positive,adjacent
1,h,e,1.70496663932558,0.03987717156627057,-0.7091821155066655,negative,adjacent
1,g,b,2.39706482621797,1.0607155509299333,-0.0529992943130958,non-significant,adjacent
1,b,e,1.28873612363432,-0.5740589622471144,0.6739956580935074,positive,adjacent
2,b,c,1.66016518802127,-0.011406376063223086,0.0262267256195658,non-significant,adjacent
2,b,e,2.16738129030061,0.6222246558692881,-0.0440278024024231,non-significant,adjacent
2,c,b,1.8902910542478,0.27607442242920005,0.3829092990403242,positive,adjacent
2,c,e,0.395838108137765,-1.590845334579574,-0.0060712703503489,non-significant,adjacent
2,e,b,2.3393794313585,0.8370903888758557,0.105845055363316,positive,adjacent
2,e,c,0.441118403231372,-1.5342797011593448,0.1229955356327844,positive,adjacent
3,b,d,0.138133098003542,-1.6179312867780813,0.0252668171783271,non-significant,adjacent
3,c,e,1.37165922352549,-0.09354164199366546,0.0309158504618508,non-significant,adjacent
3,d,b,0.930407172564131,-0.6388402321964174,-0.0977296161699044,negative,adjacent
3,e,d,0.505447040463653,-1.164005294708634,-0.0694834763273846,non-significant,adjacent
4,b,k,0.617038097200228,-1.0419101288635877,0.0527333418580169,positive,adjacent
4,e,b,2.15075088370191,2.329876598152426,-0.2280129463009074,negative,adjacent
4,k,b,0.602267646170965,-1.0743821869769627,-0.0704066033255729,non-significant,adjacent
5,b,e,2.36867426913739,0.944898933406224,0.0905041572926855,positive,adjacent
5,b,h,1.15609191366458,-0.9382291172926739,0.0045101260434177,non-significant,adjacent
5,e,h,2.01269914778811,0.39207319473514507,,non-significant,adjacent
5,f,h,1.5852257338717,-0.2717886642477297,,non-significant,adjacent
5,g,m,0.440011115110222,-2.050295305818716,,non-significant,adjacent
5,h,b,2.92345176714477,1.8064627386843346,0.0198249857428395,non-significant,adjacent
5,h,f,1.04885084153921,-1.1047734103007674,-0.0348719773730003,non-significant,adjacent
5,h,g,1.83711836063915,0.11939802017755706,,non-significant,adjacent
5,m,h,2.00019008595068,0.3726467490775161,,non-significant,adjacent
6,e,b,1.84228554285442,0.6086421336757311,-0.0542384206802163,non-significant,adjacent
6,h,b,0.502590425405046,-1.0253894089722484,-0.2646532047818425,negative,adjacent
6,m,b,0.386176188299878,-1.1673803238942277,-0.0856046039136429,non-significant,adjacent
7,b,c,1.90794025545967,0.5510069105704967,-0.1204722622597741,negative,adjacent
7,c,b,2.17204175343188,0.8202084074528443,-0.0615200670786153,non-significant,adjacent
7,e,b,1.52959949405471,0.16536010400622836,-0.0192026243333594,non-significant,adjacent
7,f,b,0.795294898725235,-0.5831244663125722,-0.0074361950950649,non-significant,adjacent
8,a,d,1.11832142235809,-0.7216742725771611,0.2340338187245823,positive,adjacent
8,d,a,0.623101952139107,-1.2945758044762148,-0.1351770525622652,non-significant,adjacent
8,d,g,1.59283421830943,-0.17272754480408736,0.508510242636936,positive,adjacent
8,g,d,1.42072711538257,-0.371832040582304,0.1641795707708315,positive,adjacent
1,a,a,0.0,-1.7503276573127364,-0.0376000781601975,non-significant,next
1,a,b,0.398857183065279,-1.3368702220590676,-0.0782360545095282,negative,next
1,a,e,0.86939294418506,-0.8491103991254609,0.3591512408178216,positive,next
1,a,g,1.71334600847979,0.0257357469464894,0.3629390376322619,positive,next
1,a,h,2.45413548535476,0.7936419804955136,0.2991798904517597,positive,next
1,a,u,1.49755809556424,-0.19795112850888702,0.6141882523668775,positive,next
1,b,a,0.398857183065279,-1.3368702220590676,-0.0293203878567517,non-significant,next
1,b,b,0.0,-1.7503276573127364,-0.3756934075730383,negative,next
1,b,e,1.26314707995393,-0.4409428093020201,0.6739956580935074,positive,next
1,b,g,2.0470553549235,0.37166059513510236,0.0465204658346985,non-significant,next
1,b,h,2.82689828999769,1.180049847043591,-0.6328693244918651,negative,next
1,b,u,1.41135463584133,-0.28731008424616916,0.0680328364656474,non-significant,next
1,e,a,0.86939294418506,-0.8491103991254609,-0.0005258605419341,non-significant,next
1,e,b,1.26314707995393,-0.4409428093020201,-0.2314769391007201,negative,next
1,e,e,0.0,-1.7503276573127364,-0.175600060337015,negative,next
1,e,g,1.00265630661951,-0.7109689029087309,0.1155148162644682,non-significant,next
1,e,h,1.61091336312356,-0.08044646722289676,-0.4293068773128057,negative,next
1,e,u,1.8453595011232,0.16258162162211287,-0.0200398985436189,non-significant,next
1,g,a,1.71334600847979,0.0257357469464894,0.0431981783371352,non-significant,next
1,g,b,2.0470553549235,0.37166059513510236,-0.0380978421189146,non-significant,next
1,g,e,1.00265630661951,-0.7109689029087309,0.1585837654702314,positive,next
1,g,g,0.0,-1.7503276573127364,0.0988903483670042,non-significant,next
1,g,h,0.898920109812859,-0.8185023853071866,0.1519127932935817,positive,next
1,g,u,1.92584141840258,0.24600959663537544,-0.0589054919031368,non-significant,next
1,h,a,2.45413548535476,0.7936419804955136,0.0154465245258816,non-significant,next
1,h,b,2.82689828999769,1.180049847043591,-0.1186897013644142,negative,next
1,h,e,1.61091336312356,-0.08044646722289676,-0.2581936986819211,negative,next
1,h,g,0.898920109812859,-0.8185023853071866,0.0058967814187882,non-significant,next
1,h,h,0.0,-1.7503276573127364,-0.2293807303262574,negative,next
1,h,u,2.82152679014632,1.1744817222954163,-0.066426335588139,negative,next
1,u,a,1.49755809556424,-0.19795112850888702,-0.0139041645091261,non-significant,next
1,u,b,1.41135463584133,-0.28731008424616916,-0.0577846435335994,negative,next
1,u,e,1.8453595011232,0.16258162162211287,0.3490219859361601,positive,next
1,u,g,1.92584141840258,0.24600959663537544,0.2747254212806921,positive,next
1,u,h,2.82152679014632,1.1744817222954163,0.3180754058479673,positive,next
1,u,u,0.0,-1.7503276573127364,-0.0096873374941356,non-significant,next
2,b,b,0.0,-1.6195476757277634,0.0655706112320311,positive,next
2,b,c,1.69256961313328,0.19341914261650786,0.0453594998742806,non-significant,next
2,b,e,2.36623855975489,0.9150080434788939,0.1645446270698043,positive,next
2,c,b,1.69256961313328,0.19341914261650786,0.1947461917082127,positive,next
2,c,c,0.0,-1.6195476757277634,-0.115348893058154,negative,next
2,c,e,0.67589220545127,-0.8955773694239182,-0.1097229368459861,negative,next
2,e,b,2.36623855975489,0.9150080434788939,0.0714169220773744,positive,next
2,e,c,0.67589220545127,-0.8955773694239182,0.1140347175782451,positive,next
2,e,e,0.0,-1.6195476757277634,0.054108595239324,non-significant,next
3,b,b,0.0,-1.5384830005825603,0.0494480302370778,positive,next
3,b,c,1.78063180558145,0.47653877459530736,-0.0178291502858097,non-significant,next
3,b,e,0.739030625985279,-0.7021715300046245,0.0218226679022193,non-significant,next
3,b,d,0.928553377763425,-0.4877013231221352,-0.1909611907028156,negative,next
3,c,b,1.78063180558145,0.47653877459530736,0.0411308491369424,non-significant,next
3,c,c,0.0,-1.5384830005825603,0.1057418874724325,non-significant,next
3,c,e,1.36448691745308,0.005615471653515326,0.0357208059299216,non-significant,next
3,c,d,1.77892677971513,0.4746093109986743,-0.0443086784026613,non-significant,next
3,e,b,0.739030625985279,-0.7021715300046245,-0.0126472001432207,non-significant,next
3,e,c,1.36448691745308,0.005615471653515326,-0.0321428943381018,non-significant,next
3,e,e,0.0,-1.5384830005825603,0.0924666138002214,positive,next
3,e,d,0.463611409394585,-1.0138450140977917,-0.0309111999859379,non-significant,next
3,d,b,0.928553377763425,-0.4877013231221352,-0.0954198087356564,negative,next
3,d,c,1.77892677971513,0.4746093109986743,0.0103792987237182,non-significant,next
3,d,e,0.463611409394585,-1.0138450140977917,0.0196193195568795,non-significant,next
3,d,d,0.0,-1.5384830005825603,0.0631708710054909,positive,next
4,b,b,0.0,-1.2966480318650038,-0.2655403819657181,negative,next
4,b,e,1.77952654192471,1.270600134702419,0.1018952664136568,positive,next
4,b,k,0.624354867730775,-0.39591749949787597,0.0549879391790605,non-significant,next
4,e,b,1.77952654192471,1.270600134702419,-0.248974865067647,negative,next
4,e,e,0.0,-1.2966480318650038,0.0461443200175281,non-significant,next
4,e,k,1.96338237534996,1.5358412199874896,-0.0156887869972283,non-significant,next
4,k,b,0.624354867730775,-0.39591749949787597,-0.224877200124959,negative,next
4,k,e,1.96338237534996,1.5358412199874896,0.0214116889608589,non-significant,next
4,k,k,0.0,-1.2966480318650038,0.0633502095094048,non-significant,next
5,b,b,0.0,-1.5765991266931356,-0.1408303020755814,non-significant,next
5,b,e,2.30773970053477,1.6054210504668913,0.0905041572926855,non-significant,next
5,b,f,1.238437402813,0.1310166858646865,-0.0820770267187695,non-significant,next
5,e,b,2.30773970053477,1.6054210504668913,0.0988261847606955,non-significant,next
5,e,e,0.0,-1.5765991266931356,0.0004887775191312,non-significant,next
5,e,f,1.16832957801946,0.034348715461373996,-0.1042627120991394,non-significant,next
5,f,b,1.238437402813,0.1310166858646865,0.0799936029576343,non-significant,next
5,f,e,1.16832957801946,0.034348715461373996,-0.0772322299683372,non-significant,next
6,b,b,0.0,-1.3631321096579252,-0.0098824118559729,non-significant,next
6,b,e,1.8605009507373,0.7717821682397125,-0.003993912307484,non-significant,next
6,b,h,0.344506437385512,-0.967812928708026,0.0603951856055413,non-significant,next
6,b,m,0.386824693195761,-0.9192529704294656,0.0366596348098266,non-significant,next
6,e,b,1.8605009507373,0.7717821682397125,0.0385129718178275,non-significant,next
6,e,e,0.0,-1.3631321096579252,0.4134246253213959,positive,next
6,e,h,1.57723774026355,0.44673924246003016,0.0011791764191864,non-significant,next
6,e,m,2.09028343490752,1.0354562642251963,-0.0881674599534375,non-significant,next
6,h,b,0.344506437385512,-0.967812928708026,-0.0004660187559784,non-significant,next
6,h,e,1.57723774026355,0.44673924246003016,0.0866844654461876,non-significant,next
6,h,h,0.0,-1.3631321096579252,0.1358146845706747,positive,next
6,h,m,0.711682865674811,-0.5464800619058706,0.0718532896093055,non-significant,next
6,m,b,0.386824693195761,-0.9192529704294656,-0.0867701934340812,non-significant,next
6,m,e,2.09028343490752,1.0354562642251963,-0.0354459659377741,non-significant,next
6,m,h,0.711682865674811,-0.5464800619058706,0.007969275951292,non-significant,next
6,m,m,0.0,-1.3631321096579252,0.184198373980886,positive,next
7,b,b,0.0,-1.4925461529088033,0.167126408721211,positive,next
7,b,c,1.72214451946165,0.2775951092430967,-0.3546056988194302,negative,next
7,b,e,1.7951799954823,0.3526661083631198,-0.0574080076377553,non-significant,next
7,c,b,1.72214451946165,0.2775951092430967,-0.4285003015322015,negative,next
7,c,c,0.0,-1.4925461529088033,-0.2177594726801624,negative,next
7,c,e,3.43022513252975,2.033280499235065,,non-significant,next
7,e,b,1.7951799954823,0.3526661083631198,-0.0130022079042883,non-significant,next
7,e,c,3.43022513252975,2.033280499235065,0.0486968989145377,non-significant,next
7,e,e,0.0,-1.4925461529088033,0.0876385630948212,non-significant,next
7,f,b,1.21422743070897,-0.24447779833973823,-0.0071987572471978,non-significant,next
7,f,c,1.03885031173535,-0.4247427361682854,-0.0197710345394578,non-significant,next
7,f,e,2.99616401085276,1.5871219491869155,-0.0522191487505737,non-significant,next
8,a,a,0.0,-1.7364537619944773,-0.1112532214288002,negative,next
8,a,d,0.91437204978345,-0.8669028537516968,0.2500752740613544,positive,next
8,a,g,0.724389421515352,-1.047572819549535,0.2189489491561416,positive,next
8,d,a,0.91437204978345,-0.8669028537516968,-0.1298747285610391,non-significant,next
8,d,d,0.0,-1.7364537619944773,-0.2421050725676217,negative,next
8,d,g,1.53570729020464,-0.2760245315638667,0.6609698314760808,positive,next
8,g,a,0.724389421515352,-1.047572819549535,0.0379462129590348,non-significant,next
8,g,d,1.53570729020464,-0.2760245315638667,0.2736927168109593,positive,next
8,g,g,0.0,-1.7364537619944773,-0.0214968895035226,non-significant,next
