bird_num,syl1,syl2,mean_duration_syl1,mean_duration_syl2,n_occurrences,delta_duration,rho,sig_status_aft_all_corr,context
1,a,g,50.101726615353044,38.62193170544732,116,11.479794909905728,-0.0707020859028081,non-significant,adjacent
1,a,u,62.15580785380282,57.629959193345165,3013,4.525848660457655,0.6144477935935458,positive,adjacent
1,b,e,59.40042300812198,82.84846714662854,5349,23.448044138506553,0.6739956580935074,positive,adjacent
1,e,a,83.02580270709328,57.659282043650826,128,25.36652066344245,0.0077214316185521,non-significant,adjacent
1,e,b,80.78403071590806,60.23251837262651,2446,20.55151234328155,0.3965938262832291,positive,adjacent
1,e,h,82.96779821435229,63.44866387521851,2384,19.519134339133778,-0.4557214548937532,negative,adjacent
1,g,b,37.65545065558969,60.639978480169965,706,22.984527824580276,-0.0529992943130958,non-significant,adjacent
1,h,e,63.32485209863306,79.77931763118302,1514,16.45446553254996,-0.7091821155066655,negative,adjacent
1,u,b,57.96018544002258,58.0165898989227,2104,0.056404458900125576,-0.0179554616260101,non-significant,adjacent
1,u,g,56.119998569833314,37.28655511143392,561,18.833443458399394,-0.0038680391406321,non-significant,adjacent
1,u,h,58.18469830246915,63.412700110229316,162,5.228001807760165,0.0038677221107877,non-significant,adjacent
2,b,c,76.64996873068904,77.55319856315737,1846,0.9032298324683268,0.0262267256195658,non-significant,adjacent
2,b,e,71.82430110870817,69.29468686574077,108,2.529614242967398,-0.0440278024024231,non-significant,adjacent
2,c,b,73.99357541374997,77.19891981635855,577,3.2053444026085884,0.3829092990403242,positive,adjacent
2,c,e,76.17404162113093,71.17926524687498,128,4.994776374255949,-0.0060712703503489,non-significant,adjacent
2,e,b,75.1030050774311,77.34768208246508,1282,2.244677005033978,0.105845055363316,positive,adjacent
2,e,c,66.44238894504507,76.95105075622907,370,10.508661811183998,0.1229955356327844,positive,adjacent
3,b,d,57.967317765286,79.49051053113553,169,21.52319276584953,0.0252668171783271,non-significant,adjacent
3,c,e,26.33064311296132,80.72371984778422,1182,54.393076734822905,0.0309158504618508,non-significant,adjacent
3,d,b,81.25494391426994,59.01290818367255,3685,22.242035730597394,-0.0977296161699044,negative,adjacent
3,e,d,80.51951710204185,80.89633049242424,660,0.37681339038239514,-0.0694834763273846,non-significant,adjacent
4,b,k,50.28933729797217,39.2290425550483,3051,11.060294742923865,0.0527333418580169,positive,adjacent
4,e,b,76.63606455617503,45.4660445488497,1501,31.170020007325327,-0.2280129463009074,negative,adjacent
4,k,b,37.711137481372546,55.03086701743697,510,17.319729536064422,-0.0704066033255729,non-significant,adjacent
5,b,e,23.063505645337777,43.3567356400399,876,20.293229994702124,0.0905041572926855,positive,adjacent
5,b,h,14.98215764391912,30.077815351464434,239,15.095657707545314,0.0045101260434177,non-significant,adjacent
5,e,h,43.21100370788642,19.08573672929937,314,24.12526697858705,,non-significant,adjacent
5,f,h,45.06011921501816,20.860668079601993,201,24.19945113541617,,non-significant,adjacent
5,g,m,31.9934334088889,34.42950471999999,225,2.436071311111089,,non-significant,adjacent
5,h,b,19.67748572710281,20.38171708508927,535,0.7042313579864619,0.0198249857428395,non-significant,adjacent
5,h,f,31.450482219512196,44.83539362373596,205,13.384911404223764,-0.0348719773730003,non-significant,adjacent
5,h,g,20.86358034955752,32.26779874778762,226,11.404218398230103,,non-significant,adjacent
5,m,h,34.505152607476624,20.226007672897197,214,14.279144934579428,,non-significant,adjacent
6,e,b,101.88611864534882,60.80513678827633,172,41.08098185707249,-0.0542384206802163,non-significant,adjacent
6,h,b,57.537969658253964,62.05267322002616,120,4.514703561772194,-0.2646532047818425,negative,adjacent
6,m,b,147.69216761995753,60.10802380393103,628,87.5841438160265,-0.0856046039136429,non-significant,adjacent
7,b,c,92.60912529266703,94.71522303698497,901,2.1060977443179354,-0.1204722622597741,negative,adjacent
7,c,b,94.64169646938092,95.1483302338222,677,0.5066337644412755,-0.0615200670786153,non-significant,adjacent
7,e,b,138.1462334580574,91.05713491926836,453,47.08909853878903,-0.0192026243333594,non-significant,adjacent
7,f,b,64.05787735166666,78.43278383469642,270,14.374906483029761,-0.0074361950950649,non-significant,adjacent
8,a,d,85.18989479659898,101.71872319826775,356,16.528828401668775,0.2340338187245823,positive,adjacent
8,d,a,94.39758498671914,88.26266171139052,169,6.134923275328617,-0.1351770525622652,non-significant,adjacent
8,d,g,102.82114468083195,117.38773370116085,603,14.566589020328905,0.508510242636936,positive,adjacent
8,g,d,114.5115849783599,97.76748834457645,439,16.744096633783457,0.1641795707708315,positive,adjacent
1,a,a,62.158098495832725,62.158098495832725,2549,0.0,-0.0376000781601975,non-significant,next
1,a,b,62.158098495832725,59.26884304961073,2902,2.889255446221995,-0.0782360545095282,negative,next
1,a,e,62.158098495832725,82.4526701056842,2950,20.29457160985148,0.3591512408178216,positive,next
1,a,g,62.158098495832725,37.92835427540565,733,24.229744220427072,0.3629390376322619,positive,next
1,a,h,62.158098495832725,63.3841410317503,2224,1.2260425359175784,0.2991798904517597,positive,next
1,a,u,62.158098495832725,57.638459388448155,3015,4.51963910738457,0.6141882523668775,positive,next
1,b,a,59.26884304961073,62.158098495832725,2377,2.889255446221995,-0.0293203878567517,non-significant,next
1,b,b,59.26884304961073,59.26884304961073,4698,0.0,-0.3756934075730383,negative,next
1,b,e,59.26884304961073,82.4526701056842,5349,23.183827056073476,0.6739956580935074,positive,next
1,b,g,59.26884304961073,37.92835427540565,130,21.340488774205078,0.0465204658346985,non-significant,next
1,b,h,59.26884304961073,63.3841410317503,2452,4.115297982139573,-0.6328693244918651,negative,next
1,b,u,59.26884304961073,57.638459388448155,2279,1.6303836611625755,0.0680328364656474,non-significant,next
1,e,a,82.4526701056842,62.158098495832725,2412,20.29457160985148,-0.0005258605419341,non-significant,next
1,e,b,82.4526701056842,59.26884304961073,4707,23.183827056073476,-0.2314769391007201,negative,next
1,e,e,82.4526701056842,82.4526701056842,6240,0.0,-0.175600060337015,negative,next
1,e,g,82.4526701056842,37.92835427540565,130,44.52431583027855,0.1155148162644682,non-significant,next
1,e,h,82.4526701056842,63.3841410317503,2546,19.068529073933902,-0.4293068773128057,negative,next
1,e,u,82.4526701056842,57.638459388448155,2306,24.81421071723605,-0.0200398985436189,non-significant,next
1,g,a,37.92835427540565,62.158098495832725,681,24.229744220427072,0.0431981783371352,non-significant,next
1,g,b,37.92835427540565,59.26884304961073,730,21.340488774205078,-0.0380978421189146,non-significant,next
1,g,e,37.92835427540565,82.4526701056842,731,44.52431583027855,0.1585837654702314,positive,next
1,g,g,37.92835427540565,37.92835427540565,128,0.0,0.0988903483670042,non-significant,next
1,g,h,37.92835427540565,63.3841410317503,688,25.45578675634465,0.1519127932935817,positive,next
1,g,u,37.92835427540565,57.638459388448155,668,19.710105113042502,-0.0589054919031368,non-significant,next
1,h,a,63.3841410317503,62.158098495832725,1980,1.2260425359175784,0.0154465245258816,non-significant,next
1,h,b,63.3841410317503,59.26884304961073,2322,4.115297982139573,-0.1186897013644142,negative,next
1,h,e,63.3841410317503,82.4526701056842,2504,19.068529073933902,-0.2581936986819211,negative,next
1,h,g,63.3841410317503,37.92835427540565,129,25.45578675634465,0.0058967814187882,non-significant,next
1,h,h,63.3841410317503,63.3841410317503,1949,0.0,-0.2293807303262574,negative,next
1,h,u,63.3841410317503,57.638459388448155,1916,5.745681643302149,-0.066426335588139,negative,next
1,u,a,57.638459388448155,62.158098495832725,2426,4.51963910738457,-0.0139041645091261,non-significant,next
1,u,b,57.638459388448155,59.26884304961073,2821,1.6303836611625755,-0.0577846435335994,negative,next
1,u,e,57.638459388448155,82.4526701056842,2862,24.81421071723605,0.3490219859361601,positive,next
1,u,g,57.638459388448155,37.92835427540565,712,19.710105113042502,0.2747254212806921,positive,next
1,u,h,57.638459388448155,63.3841410317503,2177,5.745681643302149,0.3180754058479673,positive,next
1,u,u,57.638459388448155,57.638459388448155,2360,0.0,-0.0096873374941356,non-significant,next
2,b,b,77.22637539247809,77.22637539247809,1579,0.0,0.0655706112320311,positive,next
2,b,c,77.22637539247809,77.51136440430268,1908,0.28498901182459235,0.0453594998742806,non-significant,next
2,b,e,77.22637539247809,73.1147887002101,1390,4.111586692267991,0.1645446270698043,positive,next
2,c,b,77.51136440430268,77.22637539247809,1611,0.28498901182459235,0.1947461917082127,positive,next
2,c,c,77.51136440430268,77.51136440430268,1820,0.0,-0.115348893058154,negative,next
2,c,e,77.51136440430268,73.1147887002101,1401,4.396575704092584,-0.1097229368459861,negative,next
2,e,b,73.1147887002101,77.22637539247809,1551,4.111586692267991,0.0714169220773744,positive,next
2,e,c,73.1147887002101,77.51136440430268,1500,4.396575704092584,0.1140347175782451,positive,next
2,e,e,73.1147887002101,73.1147887002101,1244,0.0,0.054108595239324,non-significant,next
3,b,b,58.99013696145451,58.99013696145451,2786,0.0,0.0494480302370778,positive,next
3,b,c,58.99013696145451,26.35567794464479,1167,32.63445901680972,-0.0178291502858097,non-significant,next
3,b,d,58.99013696145451,81.63370056601433,3013,22.643563604559816,-0.1909611907028156,negative,next
3,b,e,58.99013696145451,80.4934667397976,1963,21.503329778343087,0.0218226679022193,non-significant,next
3,c,b,26.35567794464479,58.99013696145451,948,32.63445901680972,0.0411308491369424,non-significant,next
3,c,c,26.35567794464479,26.35567794464479,372,0.0,0.1057418874724325,non-significant,next
3,c,d,26.35567794464479,81.63370056601433,977,55.27802262136954,-0.0443086784026613,non-significant,next
3,c,e,26.35567794464479,80.4934667397976,1194,54.13778879515281,0.0357208059299216,non-significant,next
3,d,b,81.63370056601433,58.99013696145451,3702,22.643563604559816,-0.0954198087356564,negative,next
3,d,c,81.63370056601433,26.35567794464479,1217,55.27802262136954,0.0103792987237182,non-significant,next
3,d,d,81.63370056601433,81.63370056601433,4403,0.0,0.0631708710054909,positive,next
3,d,e,81.63370056601433,80.4934667397976,2057,1.140233826216729,0.0196193195568795,non-significant,next
3,e,b,80.4934667397976,58.99013696145451,1350,21.503329778343087,-0.0126472001432207,non-significant,next
3,e,c,80.4934667397976,26.35567794464479,423,54.13778879515281,-0.0321428943381018,non-significant,next
3,e,d,80.4934667397976,81.63370056601433,1411,1.140233826216729,-0.0309111999859379,non-significant,next
3,e,e,80.4934667397976,80.4934667397976,1143,0.0,0.0924666138002214,positive,next
4,b,b,49.976454227004155,49.976454227004155,2627,0.0,-0.2655403819657181,negative,next
4,b,e,49.976454227004155,76.7451443348368,2272,26.76869010783264,0.1018952664136568,positive,next
4,b,k,49.976454227004155,39.159327600902515,3075,10.81712662610164,0.0549879391790605,non-significant,next
4,e,b,76.7451443348368,49.976454227004155,1688,26.76869010783264,-0.248974865067647,negative,next
4,e,e,76.7451443348368,76.7451443348368,1547,0.0,0.0461443200175281,non-significant,next
4,e,k,76.7451443348368,39.159327600902515,1641,37.58581673393428,-0.0156887869972283,non-significant,next
4,k,b,39.159327600902515,49.976454227004155,2393,10.81712662610164,-0.224877200124959,negative,next
4,k,e,39.159327600902515,76.7451443348368,2197,37.58581673393428,0.0214116889608589,non-significant,next
4,k,k,39.159327600902515,39.159327600902515,2342,0.0,0.0633502095094048,non-significant,next
5,b,b,19.93271302923485,19.93271302923485,1106,0.0,-0.1408303020755814,non-significant,next
5,b,e,19.93271302923485,43.202785623314675,876,23.270072594079824,0.0905041572926855,non-significant,next
5,b,f,19.93271302923485,44.88021009553844,208,24.947497066303587,-0.0820770267187695,non-significant,next
5,e,b,43.202785623314675,19.93271302923485,499,23.270072594079824,0.0988261847606955,non-significant,next
5,e,e,43.202785623314675,43.202785623314675,380,0.0,0.0004887775191312,non-significant,next
5,e,f,43.202785623314675,44.88021009553844,183,1.6774244722237626,-0.1042627120991394,non-significant,next
5,f,b,44.88021009553844,19.93271302923485,201,24.947497066303587,0.0799936029576343,non-significant,next
5,f,e,44.88021009553844,43.202785623314675,164,1.6774244722237626,-0.0772322299683372,non-significant,next
6,b,b,60.466753692181015,60.466753692181015,1614,0.0,-0.0098824118559729,non-significant,next
6,b,e,60.466753692181015,101.70998255454053,702,41.243228862359516,-0.003993912307484,non-significant,next
6,b,h,60.466753692181015,61.85198400435979,1201,1.385230312178777,0.0603951856055413,non-significant,next
6,b,m,60.466753692181015,147.07491355247907,770,86.60815986029806,0.0366596348098266,non-significant,next
6,e,b,101.70998255454053,60.466753692181015,626,41.243228862359516,0.0385129718178275,non-significant,next
6,e,e,101.70998255454053,101.70998255454053,489,0.0,0.4134246253213959,positive,next
6,e,h,101.70998255454053,61.85198400435979,549,39.85799855018074,0.0011791764191864,non-significant,next
6,e,m,101.70998255454053,147.07491355247907,463,45.364930997938544,-0.0881674599534375,non-significant,next
6,h,b,61.85198400435979,60.466753692181015,1048,1.385230312178777,-0.0004660187559784,non-significant,next
6,h,e,61.85198400435979,101.70998255454053,665,39.85799855018074,0.0866844654461876,non-significant,next
6,h,h,61.85198400435979,61.85198400435979,1014,0.0,0.1358146845706747,positive,next
6,h,m,61.85198400435979,147.07491355247907,730,85.22292954811928,0.0718532896093055,non-significant,next
6,m,b,147.07491355247907,60.466753692181015,670,86.60815986029806,-0.0867701934340812,non-significant,next
6,m,e,147.07491355247907,101.70998255454053,427,45.364930997938544,-0.0354459659377741,non-significant,next
6,m,h,147.07491355247907,61.85198400435979,599,85.22292954811928,0.007969275951292,non-significant,next
6,m,m,147.07491355247907,147.07491355247907,500,0.0,0.184198373980886,positive,next
7,b,b,90.31126354130267,90.31126354130267,1176,0.0,0.167126408721211,positive,next
7,b,c,90.31126354130267,92.7492789058384,1353,2.4380153645357296,-0.3546056988194302,negative,next
7,b,e,90.31126354130267,138.06199524932975,486,47.75073170802709,-0.0574080076377553,non-significant,next
7,c,b,92.7492789058384,90.31126354130267,1153,2.4380153645357296,-0.4285003015322015,negative,next
7,c,c,92.7492789058384,92.7492789058384,1955,0.0,-0.2177594726801624,negative,next
7,c,e,92.7492789058384,138.06199524932975,489,45.31271634349136,,non-significant,next
7,e,b,138.06199524932975,90.31126354130267,465,47.75073170802709,-0.0130022079042883,non-significant,next
7,e,c,138.06199524932975,92.7492789058384,462,45.31271634349136,0.0486968989145377,non-significant,next
7,e,e,138.06199524932975,138.06199524932975,232,0.0,0.0876385630948212,non-significant,next
7,f,b,64.24823910674694,90.31126354130267,272,26.06302443455573,-0.0071987572471978,non-significant,next
7,f,c,64.24823910674694,92.7492789058384,261,28.50103979909146,-0.0197710345394578,non-significant,next
7,f,e,64.24823910674694,138.06199524932975,232,73.81375614258282,-0.0522191487505737,non-significant,next
8,a,a,83.40118783840805,83.40118783840805,1127,0.0,-0.1112532214288002,negative,next
8,a,d,83.40118783840805,99.8849960430008,737,16.483808204592748,0.2500752740613544,positive,next
8,a,g,83.40118783840805,115.99434786947353,543,32.59316003106548,0.2189489491561416,positive,next
8,d,a,99.8849960430008,83.40118783840805,629,16.483808204592748,-0.1298747285610391,non-significant,next
8,d,d,99.8849960430008,99.8849960430008,875,0.0,-0.2421050725676217,negative,next
8,d,g,99.8849960430008,115.99434786947353,770,16.109351826472732,0.6609698314760808,positive,next
8,g,a,115.99434786947353,83.40118783840805,445,32.59316003106548,0.0379462129590348,non-significant,next
8,g,d,115.99434786947353,99.8849960430008,645,16.109351826472732,0.2736927168109593,positive,next
8,g,g,115.99434786947353,115.99434786947353,839,0.0,-0.0214968895035226,non-significant,next
1,a,b,62.1941558257845,59.2496579101615,2902,2.9444979156229962,-0.0782360545095282,negative,next_without_self
1,a,e,62.1941558257845,82.66518096029807,2950,20.471025134513575,0.3591512408178216,positive,next_without_self
1,a,g,62.1941558257845,37.884155437107374,733,24.310000388677125,0.3629390376322619,positive,next_without_self
1,a,h,62.1941558257845,63.384960250934085,2224,1.1908044251495866,0.2991798904517597,positive,next_without_self
1,a,u,62.1941558257845,57.62828438219011,3015,4.565871443594389,0.6141882523668775,positive,next_without_self
1,b,a,59.2496579101615,62.1941558257845,2377,2.9444979156229962,-0.0293203878567517,non-significant,next_without_self
1,b,e,59.2496579101615,82.66518096029807,5349,23.41552305013657,0.6739956580935074,positive,next_without_self
1,b,g,59.2496579101615,37.884155437107374,130,21.36550247305413,0.0465204658346985,non-significant,next_without_self
1,b,h,59.2496579101615,63.384960250934085,2452,4.135302340772583,-0.6328693244918651,negative,next_without_self
1,b,u,59.2496579101615,57.62828438219011,2279,1.621373527971393,0.0680328364656474,non-significant,next_without_self
1,e,a,82.66518096029807,62.1941558257845,2412,20.471025134513575,-0.0005258605419341,non-significant,next_without_self
1,e,b,82.66518096029807,59.2496579101615,4707,23.41552305013657,-0.2314769391007201,negative,next_without_self
1,e,g,82.66518096029807,37.884155437107374,130,44.7810255231907,0.1155148162644682,non-significant,next_without_self
1,e,h,82.66518096029807,63.384960250934085,2546,19.280220709363988,-0.4293068773128057,negative,next_without_self
1,e,u,82.66518096029807,57.62828438219011,2306,25.036896578107964,-0.0200398985436189,non-significant,next_without_self
1,g,a,37.884155437107374,62.1941558257845,681,24.310000388677125,0.0431981783371352,non-significant,next_without_self
1,g,b,37.884155437107374,59.2496579101615,730,21.36550247305413,-0.0380978421189146,non-significant,next_without_self
1,g,e,37.884155437107374,82.66518096029807,731,44.7810255231907,0.1585837654702314,positive,next_without_self
1,g,h,37.884155437107374,63.384960250934085,688,25.50080481382671,0.1519127932935817,positive,next_without_self
1,g,u,37.884155437107374,57.62828438219011,668,19.744128945082736,-0.0589054919031368,non-significant,next_without_self
1,h,a,63.384960250934085,62.1941558257845,1980,1.1908044251495866,0.0154465245258816,non-significant,next_without_self
1,h,b,63.384960250934085,59.2496579101615,2322,4.135302340772583,-0.1186897013644142,negative,next_without_self
1,h,e,63.384960250934085,82.66518096029807,2504,19.280220709363988,-0.2581936986819211,negative,next_without_self
1,h,g,63.384960250934085,37.884155437107374,129,25.50080481382671,0.0058967814187882,non-significant,next_without_self
1,h,u,63.384960250934085,57.62828438219011,1916,5.756675868743976,-0.066426335588139,negative,next_without_self
1,u,a,57.62828438219011,62.1941558257845,2426,4.565871443594389,-0.0139041645091261,non-significant,next_without_self
1,u,b,57.62828438219011,59.2496579101615,2821,1.621373527971393,-0.0577846435335994,negative,next_without_self
1,u,e,57.62828438219011,82.66518096029807,2862,25.036896578107964,0.3490219859361601,positive,next_without_self
1,u,g,57.62828438219011,37.884155437107374,712,19.744128945082736,0.2747254212806921,positive,next_without_self
1,u,h,57.62828438219011,63.384960250934085,2177,5.756675868743976,0.3180754058479673,positive,next_without_self
2,b,c,77.32837466915524,77.37185741084181,1908,0.0434827416865744,0.0453594998742806,non-significant,next_without_self
2,b,e,77.32837466915524,73.05309072366201,1390,4.2752839454932285,0.1645446270698043,positive,next_without_self
2,c,b,77.37185741084181,77.32837466915524,1611,0.0434827416865744,0.1947461917082127,positive,next_without_self
2,c,e,77.37185741084181,73.05309072366201,1401,4.318766687179803,-0.1097229368459861,negative,next_without_self
2,e,b,73.05309072366201,77.32837466915524,1551,4.2752839454932285,0.0714169220773744,positive,next_without_self
2,e,c,73.05309072366201,77.37185741084181,1500,4.318766687179803,0.1140347175782451,positive,next_without_self
3,b,c,58.94619431856488,26.33785433444756,1167,32.60833998411732,-0.0178291502858097,non-significant,next_without_self
3,b,d,58.94619431856488,81.81848455733477,3013,22.872290238769892,-0.1909611907028156,negative,next_without_self
3,b,e,58.94619431856488,80.4933506394751,1963,21.54715632091022,0.0218226679022193,non-significant,next_without_self
3,c,b,26.33785433444756,58.94619431856488,948,32.60833998411732,0.0411308491369424,non-significant,next_without_self
3,c,d,26.33785433444756,81.81848455733477,977,55.480630222887214,-0.0443086784026613,non-significant,next_without_self
3,c,e,26.33785433444756,80.4933506394751,1194,54.15549630502754,0.0357208059299216,non-significant,next_without_self
3,d,b,81.81848455733477,58.94619431856488,3702,22.872290238769892,-0.0954198087356564,negative,next_without_self
3,d,c,81.81848455733477,26.33785433444756,1217,55.480630222887214,0.0103792987237182,non-significant,next_without_self
3,d,e,81.81848455733477,80.4933506394751,2057,1.3251339178596737,0.0196193195568795,non-significant,next_without_self
3,e,b,80.4933506394751,58.94619431856488,1350,21.54715632091022,-0.0126472001432207,non-significant,next_without_self
3,e,c,80.4933506394751,26.33785433444756,423,54.15549630502754,-0.0321428943381018,non-significant,next_without_self
3,e,d,80.4933506394751,81.81848455733477,1411,1.3251339178596737,-0.0309111999859379,non-significant,next_without_self
4,b,e,49.91128700370709,76.74205821276664,2272,26.83077120905955,0.1018952664136568,positive,next_without_self
4,b,k,49.91128700370709,39.20383077517807,3075,10.707456228529018,0.0549879391790605,non-significant,next_without_self
4,e,b,76.74205821276664,49.91128700370709,1688,26.83077120905955,-0.248974865067647,negative,next_without_self
4,e,k,76.74205821276664,39.20383077517807,1641,37.53822743758857,-0.0156887869972283,non-significant,next_without_self
4,k,b,39.20383077517807,49.91128700370709,2393,10.707456228529018,-0.224877200124959,negative,next_without_self
4,k,e,39.20383077517807,76.74205821276664,2197,37.53822743758857,0.0214116889608589,non-significant,next_without_self
5,b,e,19.753102622654705,43.206955576775876,876,23.45385295412117,0.0905041572926855,non-significant,next_without_self
5,b,f,19.753102622654705,44.90964950749245,208,25.15654688483775,-0.0820770267187695,non-significant,next_without_self
5,e,b,43.206955576775876,19.753102622654705,499,23.45385295412117,0.0988261847606955,non-significant,next_without_self
5,e,f,43.206955576775876,44.90964950749245,183,1.7026939307165776,-0.1042627120991394,non-significant,next_without_self
5,f,b,44.90964950749245,19.753102622654705,201,25.15654688483775,0.0799936029576343,non-significant,next_without_self
5,f,e,44.90964950749245,43.206955576775876,164,1.7026939307165776,-0.0772322299683372,non-significant,next_without_self
6,b,e,60.891178863014815,101.73239903543679,702,40.84122017242197,-0.003993912307484,non-significant,next_without_self
6,b,h,60.891178863014815,61.83304919552561,1201,0.9418703325107955,0.0603951856055413,non-significant,next_without_self
6,b,m,60.891178863014815,147.04053192857793,770,86.14935306556312,0.0366596348098266,non-significant,next_without_self
6,e,b,101.73239903543679,60.891178863014815,626,40.84122017242197,0.0385129718178275,non-significant,next_without_self
6,e,h,101.73239903543679,61.83304919552561,549,39.899349839911174,0.0011791764191864,non-significant,next_without_self
6,e,m,101.73239903543679,147.04053192857793,463,45.30813289314115,-0.0881674599534375,non-significant,next_without_self
6,h,b,61.83304919552561,60.891178863014815,1048,0.9418703325107955,-0.0004660187559784,non-significant,next_without_self
6,h,e,61.83304919552561,101.73239903543679,665,39.899349839911174,0.0866844654461876,non-significant,next_without_self
6,h,m,61.83304919552561,147.04053192857793,730,85.20748273305233,0.0718532896093055,non-significant,next_without_self
6,m,b,147.04053192857793,60.891178863014815,670,86.14935306556312,-0.0867701934340812,non-significant,next_without_self
6,m,e,147.04053192857793,101.73239903543679,427,45.30813289314115,-0.0354459659377741,non-significant,next_without_self
6,m,h,147.04053192857793,61.83304919552561,599,85.20748273305233,0.007969275951292,non-significant,next_without_self
7,b,c,89.82843472176646,92.25868500714279,1353,2.4302502853763315,-0.3546056988194302,negative,next_without_self
7,b,e,89.82843472176646,138.00188762203075,486,48.173452900264294,-0.0574080076377553,non-significant,next_without_self
7,c,b,92.25868500714279,89.82843472176646,1153,2.4302502853763315,-0.4285003015322015,negative,next_without_self
7,c,e,92.25868500714279,138.00188762203075,489,45.74320261488796,,non-significant,next_without_self
7,e,b,138.00188762203075,89.82843472176646,465,48.173452900264294,-0.0130022079042883,non-significant,next_without_self
7,e,c,138.00188762203075,92.25868500714279,462,45.74320261488796,0.0486968989145377,non-significant,next_without_self
7,f,b,64.27228044053672,89.82843472176646,272,25.556154281229738,-0.0071987572471978,non-significant,next_without_self
7,f,c,64.27228044053672,92.25868500714279,261,27.98640456660607,-0.0197710345394578,non-significant,next_without_self
7,f,e,64.27228044053672,138.00188762203075,232,73.72960718149403,-0.0522191487505737,non-significant,next_without_self
8,a,d,83.40709008221415,100.34726559221811,737,16.940175510003954,0.2500752740613544,positive,next_without_self
8,a,g,83.40709008221415,116.07528572845195,543,32.66819564623779,0.2189489491561416,positive,next_without_self
8,d,a,100.34726559221811,83.40709008221415,629,16.940175510003954,-0.1298747285610391,non-significant,next_without_self
8,d,g,100.34726559221811,116.07528572845195,770,15.728020136233837,0.6609698314760808,positive,next_without_self
8,g,a,116.07528572845195,83.40709008221415,445,32.66819564623779,0.0379462129590348,non-significant,next_without_self
8,g,d,116.07528572845195,100.34726559221811,645,15.728020136233837,0.2736927168109593,positive,next_without_self
