bird_id,syllable,mean_pitch_Hz,mean_entropy
1,a,4346.74,0.3196
1,b,4661.8,0.3035
1,e,3747.09,0.366
1,g,3717.17,0.4485
1,h,2971.64,0.4783
1,l,3581.82,0.5906
1,q,4796.73,0.5042
1,u,5378.27,0.3997
2,a,4519.83,0.2682
2,b,3798.79,0.3959
2,c,6186.89,0.4542
2,d,3950.24,0.5593
2,e,7098.67,0.4828
2,f,3628.77,0.4098
2,g,4409.54,0.345
3,b,2670.81,0.4502
3,c,5962.1,0.4073
3,e,3382.55,0.3889
3,i,5879.42,0.2944
3,j,6387.78,0.2248
3,y,2692.43,0.361
4,b,2250,0.5002
4,e,3866.67,0.4085
4,i,2896.7,0.4809
4,k,1609.63,0.4728
5,b,3122.83,0.5773
5,e,4554.9,0.3964
5,f,3457.06,0.47
5,g,3066.02,0.5159
5,h,1989.05,0.3829
5,i,2174.29,0.5272
5,m,3608.64,0.5067
6,a,2873.14,0.4102
6,b,4047.08,0.5202
6,e,2344.65,0.4129
6,f,4700.98,0.6244
6,h,3939.96,0.4926
6,i,4300.79,0.4815
6,m,3938.85,0.5512
7,a,5003.93,0.5397
7,b,4410.74,0.5191
7,c,2747.96,0.693
7,d,4690.62,0.2319
7,e,5303.21,0.2684
7,f,4094.77,0.6989
7,g,3127.34,0.5978
7,h,5817.49,0.3629
7,j,4387.02,0.5924
7,k,3108.92,0.6711
7,l,4816.05,0.596
7,o,3667.82,0.6386
8,a,4175.91,0.4024
8,b,3432.92,0.249
8,c,4427.65,0.382
8,d,3928.82,0.4873
8,e,7198.19,0.2821
8,f,6573.43,0.3891
8,g,3652.99,0.3433
8,h,2210.3,0.5376
8,j,3906.99,0.5189
8,k,3009.9,0.2876
8,l,7081.52,0.3627
8,n,4117.56,0.4857
8,o,7282.49,0.4015
