wav_file,song
bird_4_010818_070115.2919.cbin,iiiiiiiiiiibbbkiiieeeeeeeeebkkiiiiiiiiiiiiibbkiiieeeeeeee
bird_4_010818_070157.2928.cbin,biiiiiiiiiiiibbkkiiiiiiiiiiiiieeeeeeee
bird_4_010818_070451.2969.cbin,iiiiiiiibbkiiiiiiiiiiiiiiieeeeeeeeeeeiiiiiiiiiiiiieeeeeee
bird_4_010818_070655.2995.cbin,iiiiiiiibbbkkkiiieeeeeeeebkkkiiiiiiiiiiiiieeeeeee
bird_4_010818_070810.3002.cbin,iiiiiiiiibbkbkiiiiiiiieeeeeeeeebkiiiiiiiiiiiieeeeee
bird_4_010818_070915.3014.cbin,iibbbkkkiiiiiiiiiiiiibbkkkkiiiiiiiiiiiieeeeeee
bird_4_010818_070942.3018.cbin,iiiiiiiiibkkkiiiiiiiiiiieeeeeeeebkkbiiiiiiiiiieeeeee
bird_4_010818_070950.3019.cbin,iiiiiiibbbbbkkiiiiiiiiiiiieeeeeeeeeebkkkbiiiiiiiiiiieeeeeeeebkkkiiiiiiiiiii
bird_4_010818_071027.3026.cbin,iiiiiiiiiiiibbbbbkkiiiieeeeeeeeee
bird_4_010818_071123.3033.cbin,iibbbkkkkkiiiieeeeee
bird_4_010818_071235.3045.cbin,iiiiiiiiiiibbkkkkiiiiiiiiiiiiiibbbkkkiiiiiiiiiiiiiieeeeeeeee
bird_4_010818_071337.3056.cbin,iibbbbkkkiiiiiiiiiiiiiiiibbbkiiiieeeeeeeeeebk
bird_4_010818_071347.3057.cbin,iiiiiiiibbbkkkiiiiiiiiiiiiieeeeeeeebkkbkbbiiiiiiiiiiiieeeee
bird_4_010818_071353.3058.cbin,iibbbbkiiiiiiiiiiiiiieeeeeeeebkbbbbbbbkkiiiiiiiiiiiiiieeeeeee
bird_4_010818_071406.3059.cbin,iiiiiiiiiiibbbbbbiiiiiiiiieeeeeeeebbkbbbbbkkiiiiiiiiieeeeeeeebkkiiiiiiiiiiiieeeeee
bird_4_010818_071422.3060.cbin,iiiiiiiibbbbbbkkiiiiiiiiiiiieeeeeeeebkkiiiiiiiiiiiieeeeeeeeebkkiiiiiiiiiiiieeee
bird_4_010818_071447.3062.cbin,iiiiiiiiiibbbbbkkkiiiiiiiiiiiiiiieeeeeebkkkiiiiiiiiiiieeeeeeeeebkkiiiiiiiiiiiiieeeeeeebbbbkkiiiiiiiiiiiiieeeeeee
bird_4_010818_071508.3063.cbin,iiiiiiibbbbbkkkiiiiiiiieeeeeeebkkkibiiiiiiieeebbbkkiiiiiiiie
bird_4_010818_071526.3065.cbin,iiiiiiiiiiiibbbbbkkiiiiiiiiiiiieeeeeeeebkbbbkkiiiiiiiiiiiieeeeeeeeebkiiiiiiiiiieeeeee
bird_4_010818_071610.3070.cbin,iiiiiiiiiibbkkkiiiiiiiiiiieeeeeebkkkiiiiiiiiiiiiieeeeeeebkiiiiiiiiiiie
bird_4_010818_073414.3232.cbin,iiiiiiiibbbkkiiiiiiiiiiiiiieeeeeeeeeebkkiiieeeeeee
bird_4_010818_073635.3254.cbin,iiiiiiiiiiiiibbbkkiiiiiiiiiiiiieeeeeeeeeebkkkiiiiiiiiiiiiieeeeee
bird_4_010818_073830.3276.cbin,iiiiiiiiibkiiiieeeeeeeeebkkkiiiiiiiiiiiiieeeeeeebkkkiiiiiiiiiiieeeeeeeeebbbkkiiiiiiiiiiiieeeeeeee
bird_4_010818_074302.3285.cbin,iiiiiiiibbbkkiiiiiiiiiiiiibbbkkiiiiiiiiiiiiiieeeeeeeee
bird_4_010818_074326.3289.cbin,iiiiiiiibbbbkkiiiiiiiiiiiiiiiiiiiieeeeeeeeeebkkkkiiiiiiiiiiieeeeeeeeebkbbbbbkkiiiiiiiiiiiiieeeeeeeebkbbbbbbbbbkiiiiiiiiiiiiieeeeeee
bird_4_010818_074405.3292.cbin,iiiiiiiiiiiibbbbbbkkiiiiiiiiiiiieeeeeeebkkkkiiiiiiiiiieeeeeeebkkbbbkiieeeeee
bird_4_010818_074501.3296.cbin,iiiiiiiiiiiibbiiiiiiiiiibbbbkkiiiiiiiiiiieeeeeeebkbbbbbbbbkkkiiiiiiiiiiiieeeeeeebkkiieeeeeee
bird_4_010818_074511.3297.cbin,eeeeeeibbbbbbbkkkiieeeeeeeibbbbbbiiiiiiiiiieeeeeee
bird_4_010818_074540.3302.cbin,iiiiiiiiiiiiiiiibbbbbkkiiiiiiiiiiiiiieeeeeeeebkkkiiiiiiiiiieeeeeeee
bird_4_010818_075052.3368.cbin,iiiiiiiibkkkiiiiiiiiiiiiieeeeeeeeebkkkkiiiiiiiiiiiieeeeeeeee
bird_4_010818_075525.3402.cbin,iiiiiiiibbkkiiiiiiiiiieeeeeeeeebkkiibbbkkbbbbkiiiiiiiiiiiieeeeeeeeebk
bird_4_010818_075752.3427.cbin,iiiiiiiiiiiiibbiiiiiiiiiiiiibkkbkkiiiiiiiiiiiiiieeeeeeeebkiieeeeeeebkiiiiiiiiiiiieeeeee
bird_4_010818_075906.3444.cbin,iiibbkbkiiiiiiiiiiiiiieeeeeeeeeebkbbbbkiiiiiiiiiiiieeeeeeeeebkbkkiieeeeee
bird_4_010818_080553.3498.cbin,iiiiiiiibbiiiiiiiiiiiiiibbbkkiiiiiiiiiiiieeeeeeeeeebkbbbkkiiiiiiiiiiiieeeeeeee
bird_4_010818_081355.3528.cbin,bbbbbbkkiiiiiiiiiiiibkkiieeeeeeeeeebkbbkkibeeeeeeeiibbbbbbbkkkiiiiiiiiiiiibbbbbkkkkiiiiiiiiiiiieeeeeee
bird_4_010818_081551.3540.cbin,iiibbbkkiiiiiiiiiiiiiiibbiiiiiiiiiiiibbkkiieeeeeeebkkbbkiieeeeeeeeebkbbbbbbkkkkiiiiiiiiiiiieeeeeee
bird_4_010818_081843.3555.cbin,iiiiiiiiibkiiiiiiiiiiiiiibbkiieeeeeeeeeebkkbbbkiieeeeeeeebbbiiiiiiiiiiiiieeeeee
bird_4_010818_082103.3575.cbin,iiiiiiiiiibbkiiiiiiiiiiiiiieeeeeeeeeebkkkkiiiiiiiiiiiieeeeeeeebbbbiieeeeeeee
bird_4_010818_082319.3592.cbin,iiiiiiiiibbiiiiiiiiiiiibkiieeeeeeebkkkkkiiiiiiiiiiiieeeeeeeeebkbbbbiiiiiiiiiiiieeeeeee
bird_4_010818_082554.3611.cbin,iiiibbbbkkkieeeeeeeeeeebkkkkiiiiiiiiiiiiiib
bird_4_010818_082849.3624.cbin,iiiiiiibbbkiiiiiiiiiiiibkkkiiiiiiiiiiiiiibbbkkiiiiiiiiiiiieeeeeeeee
bird_4_010818_082920.3625.cbin,iiiiiiiiiibbbkiiiiiiiiiiiibbbbkkkkkkiiiiiiiiiieeeeeeeeeebkbbbbbbkiiiiiiiiiiiieeeeee
bird_4_010818_083027.3635.cbin,iiiiiiiiiiiibkbbbkkkiiiiiiiiiiiiiieeeeeeeeebkkiiiiiiiiiiiieeeeeeeee
bird_4_010818_083202.3644.cbin,iiiiiibbbkkiiiiiiiiiiiieeeeeeebkbbbbbb
bird_4_010818_083238.3647.cbin,iiiiiiiiiibbbkkiiiiiiiiiiiiiibbbkkiiiiiiiiiiiiieeeeeeeeebkbbbbkkiiiiiiiiiiiieeeeeeebbbbbbiiiiiiiiiiiieeeeeee
bird_4_010818_083319.3651.cbin,iiiiiiiiiiiibbbbkkiiiiiiiiiiiibkkkkiiiiiiiiiiiieeeeeeeebkkiieeeeeeeebkkkbbbkiiiiiiiiiiii
bird_4_010818_083417.3657.cbin,iiiiiiiiiiiibbbkiiiiiiiiiiiibkkiiiiiiiiiiiieeeeeeeeeebkbbbkkkiiiiiiiiiiiieeeeeeebkkkiiiiiiiiiieeeeeeebbbbb
bird_4_010818_083457.3660.cbin,iiiiiiiiiiiibbbbkiiiiiiiiiiiiiiiiiiiieeeeeeeeebkkk
bird_4_010818_083614.3670.cbin,iiiiiiibbbiiiiiiiiiiiiibkkiiiiiiiiiiiieeeeeeeee
bird_4_010818_084055.3689.cbin,iiiiiiiiiibbkkkiieeeeeeeeeebkbbkbbbkkiiiiiiiiiiiieeeeeee
bird_4_010818_084334.3706.cbin,iiiiiiiiiiiibbkkkiiiiiiiiiiiibbbkiieeeeeeeeeeebkkkiiiiiiiiiieeeeeeebkkiiiiiiiiibbbbbkiiiiiiiiiieeeeeee
bird_4_010818_084356.3707.cbin,iiiiiiiiibbbbbbkkiiiiiiiiiiiieeeeeebbkkbbkkiiiiiiiiiie
bird_4_010818_084409.3708.cbin,iiiiiiiiiiiiiiibbkkiiiiiiiiiiiibbbbbbbbkkkkiiiiiiiiiieeeeeeeiibbbbkkkiiiiiiiiiiii
bird_4_010818_084420.3709.cbin,iiiiiiiiibbbbbbbkkiiiiiiiiiiiieeeeeeeebkkkkkiiiiiiiiiieeeeee
bird_4_010818_084442.3711.cbin,iiiiiiiiiiiiiiiibbbbbkiiiiiiiiiiiieeeeeeebkkkkiiiiiiiiiiiibbbbbbkkkiiiiiiiiiiiieeeeeeebkkbbbbbbkkiieeeeeeebkkiiiiiiiiii
bird_4_010818_084622.3732.cbin,iiiiiiiibbbbkkiiiiiiiiiiiibkkkkkkiiiiiiiiiiiieeeeeeeeebkkbbbkkkiiiiiiiiiiieeeeeebkbbiiiiiiiiiiiieeeeee
bird_4_010818_084931.3757.cbin,iiiiiiiiibbbkiiiiiiiiiiiibbbbkkiiiiiiiiiiiiiieeeeeeeebkkiiiiiiiiiieeeeeee
bird_4_010818_085233.3776.cbin,iiiiiiiiiiiiibbkkiieeeeeeeebkkiiiiiiiiiiiiiieeeeeeeebbbkiiiiiiiiiiiieeeeeeebkkkiiiiiiiiiiiieeeeeeeiiiiibbbbbbbkiiiiiiiiiiiieeeeeee
bird_4_010818_085508.3797.cbin,iiiiiiiibkiiiiiiiiiiiiiiibkkkiiiiiiiiiiiieeeeeeeebkbbbkkiiiiiiiiiiiieeeeeeee
bird_4_010818_085543.3800.cbin,iiiiiiiiibbbkkiiiiiiiiiiiieeeeeeeeebkbbkkiieeee
bird_4_010818_085820.3818.cbin,iiiiiiiiibkkkiiiiiiiiiibbbbkiiiiiiiiiiiieeeeeeee
bird_4_010818_085855.3824.cbin,bbiiibbbbiiibbbiiiiiiiiiiibbie
bird_4_010818_085940.3826.cbin,iiiiiiiiibbbbkkkiiiiiiiiiiiiiiibbkkkkiieeeeeeeebkkkkkiiiiiiiiiiii
bird_4_010818_090053.3832.cbin,iiibbkiiiiiiiiiiiiibbbbkkkiiiiiiiiiiiieeeeeeeebkkiiiiiiiiiiiieeeeeeeebkkkiiiiiiiiiiiieeeeee
bird_4_010818_090139.3833.cbin,iiiiiiiiiibbbbkkkkiiiiiiiiiiiiiiiieeeeeeeeee
bird_4_010818_090200.3834.cbin,iiibbbbkiiiiiiiiiiiiiiiibkkiiiiiiiiiiiiibkkiiiiiiiiiiiieeeeeeeeebkbbbkiiiiiiiiiiiieeeeeeeebkkbbbbbbkiiiiiiiiiiiieeeeeeeee
bird_4_010818_090217.3835.cbin,iiiiiiiiiibbbbbbkkiiiiiiiiiieeeeeeeeeebkbbbkiiiiiiiiiiiieeeeeeeiibbkkiiiiiiiiiiiieeeeeeeibbbkkiiiiiiiiiiii
bird_4_010818_090250.3840.cbin,iiiiiiiibbbbbkkiiiiiiiiiiiiiiiiiiiiiiieeeeeeeebkkkiieeeeeeeeeebkkkiieeeeeeebbbbbkkkiiiiiiiiiiiieeeeeeeebkbbbbbbkiiiiiiiiiieeeeeee
bird_4_010818_092225.3896.cbin,iiiiiiiiiibbkkiiiiiiiiiiiiiibbbbkkkkiieeeeeeeeee
bird_4_010818_092320.3902.cbin,iiiiiiibbbkkkkiiiiiiiiiiiibbbbbbkkiiiiiiiiiiiieeeeeeeeee
bird_4_010818_092437.3913.cbin,bbbbkkiiiiiiiiiiiibbbbkiiiiiiiiiiiiiiiiiiiiiieeeeeeeee
bird_4_010818_092532.3922.cbin,iiiiiiiiibbbkkkkiiiiiiiiiiiieeeeeeeebkkkiieeeeeeee
bird_4_010818_092547.3925.cbin,iiiibbbbbbbkkkkkiiiiiiiiiiiiiieeeeeeeebkkkkkiiiiiiiiiiiieeeeeeee
bird_4_010818_092806.3938.cbin,iiiiibbbbkkiiiiiiiiiiiibbbbbbkiiiiiiiiiiiieeeeeeeeiiiiiiiiiiiiiii
bird_4_010818_092929.3945.cbin,iiiiiiiiiiibbbbkkiiiiiiiiiiiiiibbbbkkiieeeeeeeee
bird_4_010818_092959.3949.cbin,iiibbbbibbieibbiiiibiiiiiiiikiiiiiiiiiibbiii
bird_4_010818_093034.3955.cbin,iiiiiiiibbkkkiiiiiiiiiiieeeeeeeeebkkiieeeeeeebkkbbbbk
bird_4_010818_093138.3965.cbin,iiiiiiiiiiibbbkkkkiiiiiiiiiiieeeeeeeeebkkkiiiiiiiiiiiiiieeeeeee
bird_4_010818_093218.3973.cbin,iiiiiiibbbbbkkkkiiiiiiiiiiiiieeeeeeeeeebkkkkiiiiiiiiiiiiieeeeeee
bird_4_010818_093330.3982.cbin,iiiiiiibbbkiiiiiiiiiiiibkkiiiiiieeeeeeeebkiiiiiiiiiiiieeeeeeeebkbbbkkiiiiiiiiiiiieeeeeeeeeibbbbbk
bird_4_010818_093345.3985.cbin,iiiiiiiiiibbbbbbbbkkiiiiiiiiiiiieeeeeeeebkkk
bird_4_010818_093353.3986.cbin,iiiiiiiibbbbbkiiiiiiiiiiiieeeeeeebbkkkiiiiiiiiiiiieeeeeeeeebkbbbbbbkkiiiiiiiiiiieeeeeeebbbbbkkk
bird_4_010818_093414.3990.cbin,iiiiiiiiiiiibbbbbkkkiiiiiiiiiiieeeeeeebkkiiiiiiiiiiiieeeeeeeebkkiieeeeee
bird_4_010818_093953.4035.cbin,iiiiibbbkkkiiiiiiiiiiibbbkkkkiiiiiiiiiiiiiieeeeeeeeebkbbiiiiiiiiiiiieeeeeebkkkiiiiiiiiiieeeeeee
bird_4_010818_094536.4067.cbin,iiiibbkiiiiiiiiiiiiiibiiiiiiiiiiibkkkkkiiiiiiiiiiiieeeeeeeeebkbbiiiiiiiiiiiieeeeee
bird_4_010818_094545.4068.cbin,ieeeeeiiiiiib
bird_4_010818_094923.4091.cbin,iiiiiiiiibbbbkiiiiiiiiiieeeeeeeebkkiiiiiiiiiiiieeeeeee
bird_4_010818_094948.4094.cbin,iibbbbbbkkkkiiiiiiiiiiiieeeeeeeebkkkiiiiiibbbbbkkiiiiiiiiiiiieeeeeeebkkkkiiiiiiiiiiiieeeeeeebbbbkkkiiiiieeeeeeeebkibbbbkkiieeeeeeee
bird_4_010818_095018.4095.cbin,iiiiiiiiibbbbbbbkkkiiiiiiiiiiiiiiiiiiiieeeeeeeebkkkkkiiiiiiiiiiiieeeeeee
bird_4_010818_095027.4096.cbin,iiiiiiiibbbkkiiiiiiiiiiibkkkbbiiiiiiiiiieeeeeeeebkbbbbbiiiiiiiiiiiieeeeeeeiiiiiiiibbbbbbbkkiiiiiiiiiiiiiieeeeeeeeiibbbbbkkiiiiiiiiiieeeeee
bird_4_010818_095050.4097.cbin,iiiiiiiiiiiiibbbkkkiiiiiiiiiiiieeeeebkkkiiiiiiiiiieeeeeeebkibbbkiiiiiiiiiiieeeeeebkkiiiiiiiiiiiieeeeeee
bird_4_010818_095111.4099.cbin,iiiiiiiiiiibbbbbkkiiiiiiiiiiiieeeeeebkkiiiiiiiiiiiiieeeeeeeebkkkiieeeeeeeibbbibbkkkkibbeeeeeeeeibbb
bird_4_010818_095148.4101.cbin,iiiiiiiiiiiiiiibbbbbbbkkkkkiiiiiiiiiiiieeeebkiiiiiiiiiiiieeeeeebbkbbbkbbkkiiiiiiiiiieeeeeeee
bird_4_010818_095200.4102.cbin,iiiiiiiiibbbkiiiiiiiiiiiieeeeeeebkkbbiiiiiiiiiieeeee
bird_4_010818_095215.4104.cbin,ibbbbkkiiiiiiiiiiiieeeeeibkkkkiieeeeeebkiiiiiiiiiiiiee
bird_4_010818_095223.4105.cbin,iiiiiibbkiiiiiiiiiiiieeeeeeebkiiiiiiiiiiibbbbkkkkkiiiiiiiiii
bird_4_010818_100314.4198.cbin,iiiiiiiibbiiiiiiiiiiibbbkkiieeeeeeeebkbbbbkiiiiiiiiiiii
bird_4_010818_100320.4199.cbin,kiiiiiiiiiiiiiiiiiiiiiiieeeeeeeeeebkkkiiiiiiiiiiieeeeeee
bird_4_010818_100341.4200.cbin,iiiiiibbbbbbbkkkkkkiiiiiiiiiiiiiieeeeeeeeebkkbbbbbkiiiiiiiiiiiieeeeeee
bird_4_010818_100349.4201.cbin,eeeeeeebbbbbbbkkiiiiiiiiiiieeeeeeeebkkkbbbbkiiiiiiiiiiiieeeeeee
bird_4_010818_102945.4292.cbin,iiiiiiiiibkbbbkkkiiiiiiiiiiiiiiiiiiiiiiiiiieeeeee
bird_4_010818_102955.4293.cbin,iiiiiibbbbkkiiiiiiiiiiiieeeeeeeeeebkkkiiiiiiiiiiieeeeeebkkkiiiiiiiiiiii
bird_4_010818_103024.4296.cbin,iiiiiiiiiiiiiiibbbiiiiiiiiiiiiiiiiiiiiiiieeeeeeeebkkkkkiiiiiiiiiiiiieeeeeeeebkbbbbbkiiiiiiiiiiiieeeeeebkkieeeeeeeebkkiiiiiiiiieeeeeeeebkkkkiiiiiiiiiiiieeeeebbbkkbbbbbbbkkkkiiiiiiiiiiiiiiibbkkiiiiiiiiiiiieeeeeeeeiiiiiiiiiiiibbbkkk
bird_4_010818_103056.4297.cbin,iiiiiiiibbbbbbbbkkkiiiiiiiiiiiieeeeeeebkkbbbbkkiiiiiiiiiiieeeeeeeeibbbkiiiiiiiiiiiieeeeeeebkkkkii
bird_4_010818_103114.4298.cbin,iiiiiiiiiiibbbbkkkkiiiiiiiiiiiiibkkkkiiiiiiiiiieeeeebkkkiiiiiiiiiiiieeeeeebbkkbbbbbbikkkkiiiiiiiiiiiieeeeeeiibbbbbkkkiiiiiiiiiiiieeeeeee
bird_4_010818_103132.4300.cbin,iiiiiiiibbbkkiiiiiiiiiieeeeeebkbbbbbbkkiiiiiiiiiieeeeeeeeiiibbiiiiiiiibbkkkkiiiiiiiiiiiieeeeeeeebbbbbkiiiiiiiiiieeeeeee
bird_4_010818_103251.4315.cbin,iiiiiiiiiiiibbbbbbkbiiiiiiiiiiibbkkiiiiiiiiiiiieeeeeeeeebkbbbkiiiiiiiiiieeeeeebbbbbkkbeeeeeeee
bird_4_010818_103525.4330.cbin,iiiiiiiibbiiiiiiiiiiiiiiibbbkkkiieeeeee
bird_4_010818_103529.4331.cbin,beeeeeebbiiibbibi
bird_4_010818_103618.4339.cbin,iiiiiiiiibbkiieeeeeeeeebkkkkiiiiiiiiiiiieeeeeeebkkiiiiiiiiiiii
bird_4_010818_103957.4357.cbin,iiiiiibbbbbkiiiiiiiiiiiiiiiiiiiiiiiibkkiiiiiiiiiiiibbbbbkkiiiiiiiiiiiiiieeeeeeeeeeebkkkbeeeeeeeebkkkiiiieeeeeee
bird_4_010818_104038.4361.cbin,iiiiiiiiiibbbbbkkkiiiiiiiiiiiieeeeeeeeeebkkiiiiiiiiiiiiieeeeeeee
bird_4_010818_104045.4362.cbin,ibbbbkkiiiiiiiiiiiiieeeeeebkkkkiiiiiiiiiiieeeeeeebbbbkkiiiiiiiiiiiieeeeeeee
bird_4_010818_105408.4445.cbin,bbiiiibbbbiiiiiiibbiiiiiiiiiiiiiiiieiiiiiibbbeiiiiiii
bird_4_010818_105839.4461.cbin,iiiiiibbbkiiiiiiiiiiiiiieeeeeeeeeibbbbkkkiiiiiiiiiiiieeeeeeeebkbbbeeeeeee
bird_4_010818_111048.4498.cbin,bbbiiiiiiiiiii
bird_4_010818_111117.4507.cbin,iiiiiiiiibbkiiiiiiiiiiiieeeeeeeeeebkkkkiiiiiiiiiiiiiieeeeeeeeeebkkkiiiiiiiiiiieeeeeeeebkbbbkkiieeeee
bird_4_010818_111132.4508.cbin,iiiiiiiiiiibbbbbbbkkkkiiiiiiiiiiiieeeeeeeebkbbbkkkiiiiiiiiiiiiiiiiiiiiiieeeeeeebkkk
bird_4_010818_111145.4509.cbin,iiiiiiiiiiibbbbbkibkkkiiiiiiiiiieeeeeeebkkkkiiiiiiiiiiiieeeeeeebbbbbbbkkkkiiiiiiiiiiiieeeeeeeebkbbbiieeeeee
bird_4_010818_111207.4511.cbin,iiiiiiiiiibbbbbkkkiiiiiiiiiiiieeeeeeeebkkiiiiiiiiiiiieeeeee
bird_4_010818_111219.4512.cbin,iiiiiiiiiiibbbbbbkkkiiiiiiiiiiieeeeeeeebkkk
bird_4_010818_111228.4513.cbin,iiiiiiiiiiibbbbbbkkkkiiiiiiiiiiiiii
bird_4_010818_111237.4515.cbin,iiiiiiiiiiiiibbbbbkkkiiiiiiiiiiieeeeeeebkkiiiiiiiiiiiieeeeeeeebkkkkkiiiiiiiiiiiiieeeeee
bird_4_010818_111251.4517.cbin,iiiiiiiiiibbbbbbkkkiiiiiiiiiiiieeeeeeebkkkkiiiiiiiiiiiieeeeeeebkkiiiiiiiiiieeeeeeebkkiiiiiiiiiieeeeeee
bird_4_010818_111306.4518.cbin,iiiiiiiibbbbbkkkkiiiiiiieeeeeeebkbbbbbbkkkiiiiiiiieeeeeee
bird_4_010818_111317.4520.cbin,iiiiiiiiibbbbbkkkiiiiiiiiiieeeeeeeebbbbkkkiiiiiiiiiiiieeeee
bird_4_010818_111422.4531.cbin,iiiiiiiiiiibbbbbbkiiiiiiiiiiiiiibkkiiiiiiiiiiiiieeeeeeeeebkbbbbbkkiiiiiiiiiieeeeeeebkkbbbbkiiiiiiiiiiiieeeeeeeibbbbbiiiiiiiiieeeeeeeeiiiiiiibbbbkiiiiiiiiiieeeeeee
bird_4_010818_111838.4559.cbin,iiibbbbkkiiiiiiiiiiiiiieeeeeeeebkkkiieeeeeeebkkkkieeeeeeebbbbkkiiiiii
bird_4_010818_111900.4560.cbin,iibbbbbiiieeeeeeebkkiieeeeeeeebbbbkkkkieeeee
bird_4_010818_111908.4561.cbin,bbbkkieeeeeeebkbbbbbbeeeeeeeebkbbkkiiieeeeee
bird_4_010818_111927.4562.cbin,iiiiiiiibbbbbiiiiiiiiiiieeeeeeeebkkiibbbiiiiiiieeeeeeebkbbbbkkiiiiiiiiiieeeeeeebbkkkkiiiiiiiiiiiieeeeeeeebbbbbkkkkiiiiiiiiiiiiiieeeeeeee
bird_4_010818_112012.4564.cbin,iiiiiiiiiiibbbbbkiiiiiiiiiiibbiiiiiiiiiiieeeeeeebkkbbbbbbkiiiiiiiiieeeeeeeikii
bird_4_010818_112022.4565.cbin,eeeeeeeikiiiiiiiiiieeeeeeeebkbbbbkiiiiiiieeeeeeee
bird_4_010818_112257.4588.cbin,iiiiiiibbbkiiiiiiiiiiibbbkkkkiiiiiiiiiiieeeeeeeeeebkkkiiiiiiiiiieeeeeeeebkbbbbkiiieeeeeeebbbbkkkkiiiiiiiiiieeeeeeee
bird_4_010818_112400.4595.cbin,iiiiiiiiiiibbbbkkiiiiiiiiiibkkkkiiieeeeeeeeebkkiiiiiiiiiiiieeeeeeeee
bird_4_010818_112538.4611.cbin,iiiiiiiiiiiibbkkkiiiiiiiiiiiiiieeeeeeeebkkiiiiiiiiieeeeeeeebkkbbbbbbkiiiiiiiiiiiieeeee
bird_4_010818_112625.4616.cbin,iiiiiiiiibbbbbkkkkiiiiiiiiieeeeeeebkkkiiiiiiiiiieeeeeeeebkkiieeeeeeeebkkiiiiiiiiiiiiieeeeeeebkbbbbbkiiiiiiiiiiiiieeeeeebkkkiiiiiiiiiiiiiieeeeeee
bird_4_010818_113224.4651.cbin,iiiiiiiiiiibbbkkiiiiiiiiiiiiiiiiiiiiiiiiieeeeeeeeeebkkbbbbbbkkiiiiiiiiiiiiiieeeeeeeee
bird_4_010818_113240.4654.cbin,iiiiiiiiibbbbbbkkkiiiiiiiiiiiiiieeeeeeeeebkkkiiiiiiiiiiiiiiii
bird_4_010818_113247.4655.cbin,iibbbbiiiiiiiiiiibbbbbkkkkiiiiiiiiiiiieeeeeeeebkkkiiiiiiiiiiieeeeeeeeebkiiiiiiiiiiiiieeeeeee
bird_4_010818_113258.4656.cbin,bbbbbkkkiiiiiiiiiiiiiiiiiiieeeeeeibbbbkkiiiiiiiiiiiiiiiibbbbkkiieeeeeee
bird_4_010818_114918.4738.cbin,iiiiiiiiiiieeeeeeebkiiiiiiiiiiiiiiiibbbbkiieeeeeeeebkiiiiiiiiiiiiieeeeeebbkkkiiiiiiiieeeeeeebkkiiiiiiiiiiiiiieeeeeeee
bird_4_010818_115229.4753.cbin,iiiibbbkiiiiiiiiiiiiiiiibbbiiiiiiiiiiiiiiiiiiiiiiiiiiiiieeeeeeeeee
bird_4_010818_115254.4759.cbin,iiiiiiiiiibbbbkkkkiiiiiiiiiiiieeeeeeeeebkkkkkiiiiiiiiiiieeeeeeeebkkiiiiiiiiiiiiiieeeeeeeeebkkiiiiiiiiiiiiiiieeeeeeeebkkkiiiiiiiiiiieeeeeibbbbbbkkiiiiiiiiii
bird_4_010818_115318.4760.cbin,iiiiiiiibbbbkkkkiiiiiiiiiiiiiiiieeeeeeeeeikkiiiieeeeee
bird_4_010818_115331.4761.cbin,iiiiiiiiibbbbbbkkkkkiiiiiiiiiiiiieeeeeeeeebkkkkiiiiiiiiiiiiieeeeeebkbbbbbkiiiiiiiiiiiiiieeeeeeebk
bird_4_010818_115411.4764.cbin,iiiiiiibbbbbbkkkkiiiiiiiiiiiiiiieeeeeeeebkkkiiiiiiiiiiiiiiieeeeeeebkbbbbkiiiiiiiiiii
bird_4_010818_115419.4765.cbin,ibbbbkkkiiiiiiiiiiiieeeeeeebkibbbbkkiiieeeeeeeeekkkiiiiiiiiiiiiieeeeeeeeiiibbb
bird_4_010818_115433.4766.cbin,iiiiiiiiiiiiibbbbkkiiiiiiiiiiiiiieeeeeeeeebkkiiiiiiiiiiieeeeeebkkkiiiiiiiiiieeeeeeiiii
bird_4_010818_115449.4768.cbin,iiiiiiiiiiiiibbbbkkkiiiiiiiiiiiiiieeeeeeiiiiiiiiiibbbbbbkkieeeeeee
bird_4_010818_115550.4772.cbin,iiiiiiiiibbbbkkkiiiiiiiiiiiiiiiieeeeeeeebkkbbbbkiiiiiiiiiiiieeeeeeeebkkkiiiiiiiiiiiiiieeeeeeebkbbbkiiiiiiiiiiiiieeeeeeeebkbbkiiiiiiiiiiieeeeeeebkiebbbkiiieeeeeeeeiiiiibbbbbkbkkkiiieeeeeee
bird_4_010818_115631.4774.cbin,iiiiiiiiiiiiibbbbbkkiiiiiiiiiiiiiiiiieeeeeeeebkkiiiiiiiiiiiiiieeeeeeeebk
bird_4_010818_115641.4775.cbin,iiiiibbbbbbbbkkiiiiiiiiiiiiieeeeeeeebkbbbbbkkkiiiiiiiiiiiiiiiiieeeeeee
bird_4_010818_115702.4776.cbin,iiiiiiiiiiiibbbbbbbkiiiiiiiiiiiiieeeeeeeebkkiiiiiiiiiiiiiiii
bird_4_010818_115708.4777.cbin,iiiiiiiibbbkkiiiiiiiiiiiiiiiieeeeeeeeebkkkbbbbbbbkkiiiiiiiiiiiieeeeeeiibbbkkkiiiiiiiiiiiiiieeeeeeeiibbbiiiiiiiiiiiiieeeeeee
bird_4_010818_120027.4796.cbin,iiiiiiiiiiiiiibbbbbkiieeeeeeeeebbkkkkiiiiiiiiiiiiiieeeeeeeebkkkiiiiiiiiiiiiiieeeeeeeebkkiiiiiiiiiiiiibb
bird_4_010818_120122.4807.cbin,iiiiiiiiiiibbbbbkkkiiiiiiiiiiiiieeeeeeeeebkkkiiiiiiiiiiiiiiiiieeeeeeebbkbbbbbkiiiiiiiiiiiiiieeeeeeebkbbbbkiiiiiiiiiiiiiieeeeeeebkkbbbbkkkiiiiiiiiiiiiikbbbbkkkiiiiiiiiiiieeeeeeebkk
bird_4_010818_120154.4810.cbin,iiiiiiiiiiibbbbkkiiiiiiiiiiiiiiieeeeeeeebkkiiiiiiiiiiiibbbbbkkiiieebbbbbbkkkiiiiiiiiiiiiiibbbbkbbbkkiiiiiiiiiiiieeeeeeeebbkkkiiiiiiiiiiieeeeeeeeibbbbkiiiieeeeeee
bird_4_010818_120221.4811.cbin,iiiiiiiiiiiiibbbbkkiiiiiiiiiiiiieeeeeeeeebkkbbbbbkiiiiiiiiiiiiiiieeeeeeebkbbkkiiiiiiiiiiiiiieeeeeeebkkiiiiiiiiiiiiieeeeeebkkkiiiiiiiiiiieeeee
bird_4_010818_120237.4812.cbin,iiiiiiiiibbbbbbbkkkkkiiiiiiiiiiiiiiieeeeeeeebkkkiiiieeeeeebkkiiiiiiiiiiiii
bird_4_010818_120256.4815.cbin,iibbbbbbkiiiiiiiiiieeeeebbbbbbbkkkiiiiiiiiiiiiieeeeeeebkkkiiiiieeeeeee
bird_4_010818_120912.4854.cbin,iiibbbbiiiiiiiiiiiiibbbkiiiiiiiiiiiiiiiiiiieeeeeeeeeiiieeeeeeebbk
bird_4_010818_121033.4861.cbin,iiiiiiiiibbbiiiiiiiiiiiiibkiiieeeeeeeebbbb
bird_4_010818_121259.4870.cbin,ibbbbkiiiiiiiiiiiibbbbkkiiiiiiiiiiiiiiieeeeeeeeebkkkkiiiiiiiiiiiiieeeeeeee
bird_4_010818_121318.4873.cbin,iiiiiibbbbbbbkkiiiiiiiiiiibbbkkkiiiiiiiiiiiiieeeeeebbkkiiiiiiiiiiiiiiiibbbbkiiiiiiiiiiiiiiieeeeeebbkkiiiiiiiiiiiiiiibbbbbkiiiiiiiiiiiiiiibbbbbkkkiiiiiiiiiiiiieeeeeeee
bird_4_010818_121341.4874.cbin,iiiiiiiiiiibbbbbbkkkiiiiiiiiiieeeeeebkbbbbbkiiiiiiiieeeeeeebkkiiiiiiiiiiieeeeeeebkbbbbbkiiiiiiiiiiieeeeee
bird_4_010818_122953.4897.cbin,iibbbbbbiiiiiiiiiiiiiiiieeeeeeeeeeebkkiieeeeeeeebkiiiiiiiiiiiiiibbbbbbbkiiiieeeeeeeeibkkiiiiiiiiiiiiieeeeeeeebkkiiiiiiiiiiiiibbbbkiieeeeeee
bird_4_010818_123008.4898.cbin,iiiiiiibbbbkiiiiiiiiiiiiiiiiiiiieeeeeeebkkibbbbbbbbbkkiiiiiiiiiiiiiieeeeeeebkkiiiiieeeeeee
bird_4_010818_123109.4906.cbin,iiiiiiiiiiiiiibbbkiiiiiiiiiiiiiiieeeeeeeebkkkiiiiiiiiiiiiiiiiiieeeeeebkkkiiiiiiiiiiiiieeeeeeeebkkiiiiiiiiiiiiiiiiiieeeeeeebbbbbiiiiiiiiiiiiieeeeeebkbbbbbkkkiiiiiiiiiiiiiieeeeeee
bird_4_010818_123130.4907.cbin,iiiiiiiibbbbkkiiiiiiiiiiiieeeeeeeebkkkiiiiiiiiiiieeeeeei
bird_4_010818_123137.4908.cbin,iiiiiiiiiibbkkkiiiiiiiiiiiieeeeeeebkbbbbbbkiiiieeeeeeekbbbbbkkiiiiiiiiiiiiiieeeeeee
bird_4_010818_123202.4912.cbin,iiiiiiiiiiiiiibbbbbbkkkkkiiiiiiiiiiiieeeeeeebkkiiiiiiiiiiiiiieee
bird_4_010818_123210.4913.cbin,bbbbbbkiiiiiiiiiiiieeeeeeebkkiiiiiiiiiiieeeeeebk
bird_4_010818_123217.4915.cbin,bbbbbbkiiiiiiiiieeeeeeeeebkkkkiiiiiiiiiiieeeeeeebkkkiiiiiiiiiibbbbkkiiiiiiiiiieeee
bird_4_010818_123247.4919.cbin,iibbbbbkkkiiiiiiiiiiiieeeeeeeeeebkkiiiiiiiiiiiiiieeeeee
bird_4_010818_123258.4921.cbin,iiiiiiiibbbbbbbbkkiiiiiiiiiiieeeeeeebkkkiiiiiiiiiiiiiiebbbbbbbbkkiiiiiiiiiiieeeeeeeibbbkkkiiiiiiiiiiiieeeeeee
bird_4_010818_123347.4928.cbin,iiiiiiiiiiiibbbbbbkkiiiiiiiiiiiiiiieeeeeeeebkiiiiiiiiiiiiiiiibbbkkiiiiiiiiiiiiiiiiibbbbbbbbkkiiiiiiiiiiiiiiibbbbbbkkiiiiiiiiiiiieeeeeeeebkkkiiiiieeeeeeee
bird_4_010818_123402.4929.cbin,iibbbbkkiiiiiiiiieeeeebbkkkkiiiiiiiiiiiiiieeeeeeeikibbbbbkkiiiiiiiiiiiiieeeeeee
bird_4_010818_123628.4947.cbin,iiiiiiibbbiiiiiiiiibbbbkkiiiiiiiiiieeeeeeebbkkiiiiiiiibbbbbbkkiiiiiiiiiiiiiieeeeeeee
bird_4_010818_124517.4965.cbin,bibbiieeeeeeeeebkiiiiiiiiiiiibbbbbkkiiiiiiiiiiiiiieeeeeeeeeeiiiiiiiiiiiiieeeeeeeebkkiiieeeeeeebkbbbbbbkkkiiieee
bird_4_010818_124710.4975.cbin,iibbbbkkbiiiiiiiiiiiiiiiibbkiiiiiiiiiiiiiiieeeeeeeee
bird_4_010818_124729.4980.cbin,iiiiiiiiibbbbkkiiiiiiiiiiiiiiiibbbkkiiiiiiiiiiiieeeeeeeeeebkkiiiiiiiiiiiieeeeeeeeebkbbbbbbkiiiiiiiiiiiiieeeeeebbkbbbbbkiiiiiiiiiiiiieeeeeeeebkiiiiiiiiiieeee
bird_4_010818_124751.4982.cbin,iiiiiiiiiibbbbbbkiiiiiiiiiiiiieeeeeeeeebkkiiiiiiiiiiiiiiiee
bird_4_010818_124757.4983.cbin,bbbbbbbbkiiiiiiiiiiiieeeeeeebkiiiiiiiiiiiieeeeeeeeebkbbbbbkiiibbibbkkkiiiiiiiiiiiiiiiieeeeeee
bird_4_010818_124808.4984.cbin,iiiiiiiiibbbbbkkkiiiiiiiiiiieeeeeeee
bird_4_010818_124905.4998.cbin,iiiiiiiiiiibbbbbkiiiiiiiiiiiiiieeeeeeeeebkkkiiiiiiiiiiiiiieeeeeeeebkbbbbbbkibbeeeeeeebkkkiiiiiiiiieeeeeee
bird_4_010818_124928.5002.cbin,iiiiiiiiiibbbbbbbkkkiiiiiiiiiiiieeeeeeeeebkkkiiiieeeeeeeibkiiiiiiiiiiieeeeeeebkbbbbiiiiiiiiiiieeeeeeeibbbbkiiiiiiiiiiiiieeeeeeeibbbbkiiiiiiiiiiieeeeee
bird_4_010818_124947.5003.cbin,iiiiiiiiiiikkkkiiiiiiiiiiieeeeeeebkkb
bird_4_010818_124958.5005.cbin,iiiiiiibbbbbkkkiiiiiiiiiiiieeeeeeebbbkiiiiiiiiiiieeeeeeeebkk
bird_4_010818_125013.5007.cbin,iiiiiiiiiibbbbbbbkkiiiiiiiiiiiiiiiiiiiiiiiiibbbbbkkkkkiiiiiiiiiiiiiiiieeeeeekbkkkkiiiiiiiiiieeeeeeebkkiiiiiiiiiieeeeeeeeeibbbbbkkiiiiiiiiiiiiiieeeeeee
bird_4_010818_125627.5042.cbin,iiiiiiiiiiibbbbkiiiiiiiiiiiieeeeeeeeebkbbbiiiiiiiiiiiiieeeeeeeeebkiiiiiiiiiiiiiiieeeeeeeebkkbbbbbbbbbkkiiiiiiiiiiiieeeeeee
bird_4_010818_125654.5047.cbin,ibbbbbbkiiiiiiiiiiiiiieeeeeeebkbbbbbbbbkkkieeeeeeebkbbbbbkkiiiiiiiiiiiiiieeeeeeebbkiiiiiiiiiiiiibbbbbbkkiiiiiiiiiiiii
bird_4_010818_130319.5065.cbin,iiiiiiiiiiiiibbkiiiiiiiiiiiiiiieeeeeeeeeeebkkiiiiiiiiiiiiieeeeeeebkiiieeeeeebbbkiiiiiiiiiiiiiiieeeeeeebkkiiiiiiiiiiieeeeeeeeebkbbbkiiiiiiiiieeeeeeeiibbbbkkiiiiiiiiiiieeeeeeeee
bird_4_010818_130343.5066.cbin,iiiiiiibbbbbbbbkkkiieeeeeeebkbbbkkkiiiiiiiiiieeeeeeeebbbbbkkkiiiiiiiiiiiieeeeeebkiiie
bird_4_010818_130504.5079.cbin,iiiiiiiiiibbbkiiiiiiiiibbbbkkiiiiiiiiiiieeeeeeeeebkkiiiiiiiiiiiiiiiie
bird_4_010818_130512.5080.cbin,bbbbbbbkiiiiiiiiiiiiieeeeeebkiiiieeeeeeeebkkkiiiiiiiiiiiieeeeeeebkkkiiiiiiiiiiiieeeeeee
bird_4_010818_130750.5089.cbin,iiiiiiiiiibbbkkkiiiiiiiiiiiiiieeeeeeeeebkiiiieeeeeebbbbbkkiieeeeee
bird_4_010818_130759.5090.cbin,iiiiiiiiiibbbbbbbkkiiiiiiiiiiiiiiiiieeeeeeeeebbkkkiiiiiiiiiiiiiieeeeeebkkiiiiiiiiiiiieeeeeeebbbbbkbbiiiiiiiiieeeeee
bird_4_010818_130817.5091.cbin,iiiiiiiiibbbbbbbkkiiiiiiiiiiiiiieeeeeeeebkiiieeeeeeebbbbbbkiiiiiiiiiiiiieeeeiiibbbbbbbkkiiiiiiiiiiieeeeeeeibbbbkiiieeeeeee
bird_4_010818_130831.5092.cbin,bbbbbkiiiiiiiiiiiiebbbbbkkkkbbbbbkiiiiiiiiiieeeeeeee
bird_4_010818_130857.5095.cbin,iiiiiiiiiiibbbbbbkiikkiiiiiiibbbkkkiiiiiiibeeeeebkkkiiiiiiiiiiiieeeeeeeeebkbkbbbbbkiiiiieeeeee
bird_4_010818_130909.5096.cbin,eeeeeeibbkkbbbbbkkiiiiiieeeeeeeiii
bird_4_010818_131148.5113.cbin,iiiiiiiiibbbkiiiiiiiiiiiiiieeeeeeeebkkkiiiiiiiiiiiiiieeeeeeibbbbbbkiiiiiiiiiiiiieeeeeee
bird_4_010818_131206.5116.cbin,ibbbbkiiiiiiiiiiiibkkibbiiiiiiiiiieeeeeeeebkkkiiiieeeeeeeebkbbbbbbbkiiieeeeeeebkbbbbkkiiiiiiiiiiieeeeeeebkkkiiiiiiiiiiiibbbbbbkkkkiiiiiiiiiiiiiieeeeeeeiiiiiiiibbbbkkkkiiiiiiiiiiiiiieeeeeeee
bird_4_010818_131236.5118.cbin,bbbbbiiiiiieeeeeeebkbbbkkiiiiiiiiiiiieeeeeeebkbbbbkkkiiiiiiiiiiii
bird_4_010818_131253.5119.cbin,iiiiiibbbbbbkkkiiiiiiiiiiiieeeeeeeeebkbbbbkiiiiiiiiiieeeeeee
bird_4_010818_131315.5120.cbin,ibbbbbkiiiiiiiiibkkiiiiiiiibbbbbbbbbbkiiiiiiiiiiieeeebkkkiiiiiiiiiibbbbkkkiiiiiiiiiiiiiee
bird_4_010818_131419.5121.cbin,iiiiiiibbbbbbkiiiiiiibkbbbbbbbbkiiiiiiiiiieeeeeeeeebkbbbbkiiiiiiiiiiiiieebbbbbkkiiiiiiieeeeeeeee
bird_4_010818_131545.5125.cbin,iiiiiiiibbbbkkiiiiiiibbbkkkkkiiiiiiiieeeeeeeeebkkiiiiiiiiibkkiiiiiiieeeeeeeeeeebkbbbbbbkiiieeeeeeebkbbbbbbk
bird_4_010818_131607.5128.cbin,iiiiiiiiiiiibbbbbbkiiiiiiiiiiiiiiiieeeeibkkkkiiiiiiiiiiieeeeeeebkkiiiiiiiiiiiiieeeeeeeebkk
bird_4_010818_131646.5135.cbin,iiiiiiiiiiiibbbbbbbkkiiiiiiiiiiiiiieeeeeeeeeebkkkiiiiiiiiiiiiiiieeeeeebkbbbiiieeeeeee
bird_4_010818_132147.5154.cbin,iiiiiiiibbbbkiiiiiiiiiiiiiiibkbbbkiiiiiiiiiiiiibbbkiiiiiiiiiiiieeeeeeebkkiiiiiiiiiiiiiiiieeeeeeeeibbbbbbkiiiiiiiiiiiiieeeeeeee
bird_4_010818_132337.5161.cbin,iiiiiiibbkiiieeeeeeeebkkiiiiiiiiiiiiibbkiiiiiiiiiiiieeeeeeeebkiiiiiiiiiiiiiieeeeee
bird_4_010818_132351.5164.cbin,iiiiiiiibbbbbbkiiiiiiiiiiiiiiiiiiiiieeeeeeeeebkkkiiiiiiiiiiieeeeeeebbbbbbkkiiiiiiiiieeeeeeeebkkiieeeeeeebkkbbbbkkiiiiiiiiiiieeeeeebkbbbbbkiiiiiiiiieeeeeeebbbbkkkiiiiiiiiiieeeeee
bird_4_010818_132430.5165.cbin,bbbbbkiiiiiiibbbkiiiiiiiiiiiieeeeeeebkbbbbbbbbkiiiiiiiiiiieeeeeebebbbbkiiiieeeeeeebbkbbbbbkiiiiiiiiiieeeeeeebkkkiiiiiiiiiieeeeeee
bird_4_010818_133033.5186.cbin,iibbbbbbkkiiiiiiiiiiiiiiiieeeeeeeebkkiiiiiiiiiiiiiiiieeeeeeeebkbbbbbbkiiiiiiiiiiiieeeeeeebkbbbbbkiiiieeeeeeeibbbiiiiiiiiiiiieeeeeeebkkiiiibbiiiiiiiiiiiii
bird_4_010818_133052.5188.cbin,iiiiiiiiibbbbbkkiiiiiiiiieeeeeeebkkkibiiiiieeeeeebbbbbbbbkkkkiiiiiiiiiiiiebbbbbbbkiiiiiiiiiiiiiiieeeeee
bird_4_010818_134156.5224.cbin,iiiiiiiiibbkbkiiiiiiiiiiiiiibbbbiiiiiiiiiiieeeeeeeeee
bird_4_010818_134201.5225.cbin,bbbbbbbbbkkiieeeeeeebkiiiiiiiiiiibbbbbbkiieeeeee
bird_4_010818_134246.5230.cbin,iiiiiiiiibbbbbkkkiiiiiiiiiiiiiieeeeeeeee
bird_4_010818_134444.5243.cbin,iiiiiiiiiibbiiiiiiiiiiiiiiibkkiiiiiiiiiiiiiiiiibbbkiiiieeeeeeeeebkkiiiiiiiiiiiiieeeeeeeebbbbiiiiiiiiiiiiiiiieeeeee
bird_4_010818_135300.5277.cbin,iiiiiiiiiibbbiiiiiiiiiiiiiibbbkiiiieeeeeeeeebkbbbkiiieeeeeeeebbbkiiiiiiiiiieeeeeee
bird_4_010818_135318.5278.cbin,iiiiiibbbbbbbkkiiiiiiiiiiiiiiieeeeeeebkkiiiiiiiiieeebbbbbbbbbkkiiiiiiiiiiiiiiieeeeeebkkkiieeeeeebkbbbbbbkkbbbbbbkkiiiiiiiiiiiiiieeeeee
bird_4_010818_135345.5279.cbin,iiiiibbbbbbbbkkkkiiiiiiiiiiiiieeeeebkkk
bird_4_010818_135350.5280.cbin,bbbbbbbbkkkkiiiiiiiiiiieeeeeeee
bird_4_010818_135445.5291.cbin,ibbbbbkiiiiiiiiiiibbbkbkiiiiiiiiiieeeeeeeeeebkk
bird_4_010818_135459.5293.cbin,iiiiiiiibbbbbbbbbbkkkiiiiiieeeeeeeeeekkiiiiiiiiiibbbbbkkkkiiiiiiieeeeeeeeeebkb
bird_4_010818_135539.5295.cbin,iiiiiiiiiibbbbbbbkiiiiiiiiiiieeeebbbbbkkiiiiiiibbbbbbbkkkiieeeeeeeeebkbbbbkiiiiiiieeeeeeeeeebkkkiiiiiiiiiiiieeeeeeeebkbbbbbkkkiiiiiiiiiieeeeeeeebbbbbkkiiiiiiiiiiiieeeeeeee
bird_4_010818_135807.5307.cbin,iibbbbbbbkkiiiiiieeeeeeeikkkeeeeeeeeebkkkbbbbbbkkiiiiiiiiiiieeeeibbbbkiiiiiiiiiiiieeeeeeeeebkkbbbbbbkkbbbbbbbkkiiiiiiiiiiieeeeeeibbbbbkkkiiiiiiiiieeeeeee
bird_4_010818_135855.5309.cbin,iiiiibbbbbbbiiiiiiiiiiiibkbbbkiiiiiiiiiiiiieeeeeeeeebkbbbbbkkkiieeeeeeeeebkkkiiiieeeeeebb
bird_4_010818_140044.5317.cbin,bbbbbbbkkkiiiiiiiiiiibbbbbbkiiiieeeeeeeeeebkkkiiiiiiiiiiiieeeeeee
bird_4_010818_140244.5342.cbin,iiiiiiiiiiibbbkiieeeeeeeebkkkiiiiiiiiiiiiiiieeeeeeeeebkiiiieeeeeeebbbkiieeeeeeebkiieeeeeeeibbbbbkkkiiiiiiiiiiiiieeeeeeeibbbbbbkiiiiiiiiiiiiieeeeeeeebkkiiiieeee
bird_4_010818_140304.5343.cbin,iiiiiiiiiiibbbbbkkkiiiiiiiiiiiiieeeeeeebk
bird_4_010818_140338.5353.cbin,iiiiiibbbbbbiiiiiieeeeeeeeiibbbbbkiieeeeeeebkiiiiiieeeeeebkkiiiiiiiiiiieeeeeeebkkk
bird_4_010818_140638.5359.cbin,i
bird_4_010818_140650.5360.cbin,ibbbbbbbbkkkkiiiiiiiiiiiieeeeeeeeebkkkiiiiiiiiiiieeeeeeeebbkiiiiiiiiii
bird_4_010818_140756.5364.cbin,iiiiibbbbbbbbbkiieeeeeeeeeebkkbb
bird_4_010818_140804.5366.cbin,bbbkkiiiiiiibbbbbkkkiiiiiiiiiieeeeeeeebkbbbbiiieeeeeeee
bird_4_010818_140811.5367.cbin,bbbbbbkkiiiiiiiiiiiiiiiiiiiiiiieeeeeeee
bird_4_010818_140817.5368.cbin,ebbbbbbbbkkkiiieeeeeeeebbbbbkkiiiiiiiiiiiiieeeeeeebkbbbb
bird_4_010818_141100.5397.cbin,ibbbbbiiiiiiiiiiiiibbbiiiiiiiiiiiiiiiiiieeeeeeeeee
bird_4_010818_141652.5435.cbin,iiiiibbbkiiiiiiiiiiiiiiiiiiiiiiiiiiiibbbbkiiiiiiiiiiiiieeeeeee
bird_4_010818_141700.5436.cbin,ibbbbbbkkkbkiiiiiiiiiiiieeeeeeeebkkiiiiiiiiiiiiiiieeeeeeeebkbbbbbiiiiiiiiiiiiiieeeeeeebbbbbbkkkiiiieeeeeeeee
bird_4_010818_141726.5437.cbin,iiiibbbbbbkiiiiiiiiiiiiiiiieeeeeeeebkkiiiiiiiiiiiieeeeeeebkbbbbbbkiiiiiiiiiiiieeeeeeeebkkkkiiiiiiiiiiiiieeeeeeebbbbbbbkkiiiiiiiiiiiiie
bird_4_010818_142840.5449.cbin,iiiiiiiiiiiiiiiiiiiiiiiiiiiiiiiiiiiiiiiiiiiiiiiiiiiiiiiiiiiii
bird_4_010818_143956.5502.cbin,iibbbkieeeeeeeeeeebbbkiiiiiiiiiiiiiiiiiii
bird_4_010818_144047.5505.cbin,ibbbbbbbbkkkiiiiiiiiieeeeeeeeeeeebkiiieeeeeebkiiiiiiiiiiiiiibbbbbkkiiiiiiiiiiiieeeeeee
bird_4_010818_144057.5506.cbin,ibbbbbbbkkiiiiiiiiiiiiiiiieeeeeeebkkkkiieeeeeeeeebkbbbbkbbbbb
bird_4_010818_144701.5560.cbin,iiiiiiiiiibbbkkiiiiiiiiiiieeeeeeeeebkiieeeeeeeeeebbbbbbkiiiiiiiiiiiieeeeeee
bird_4_010818_144715.5562.cbin,iiiiiibbbbbbkkiiiiiiiiiiiiiiibbbkkiiiiiiiiiiiieeeeeeebkbbbbbbkiiiiiiiiiiiiiieeeeeeeebbbbb
bird_4_010818_144725.5563.cbin,ibbbbbkkkiiiiiiiiiiieeeeeeeeibbbbbbbbkkkkiiiiiiiiiiieeeeeibbbbbbbbbkkkiiiiieeeeeeeeebkkbbbbbkiiiieeeeeeee
bird_4_010818_144913.5579.cbin,iiiiiiiiiiiiibbbibbbbbbkkkkkkiiiiiiiiiiiiiiieeeeeeeeebkbbbbkkiiiiiiiiiiiiiiieeeeeeeebkbbbbbbbkkkiiiiiiiiiiiiiiieeeeeeeebkbbbbbkiieeeeeeeebkkiiiiiiiiiiiiiiiiiiiieeeeeee
bird_4_010818_144939.5582.cbin,iiiiiiiiiiiibbbbkkkiiiiiiiiiiiiiieeeeeeeikkiiiiiiiiiiikiii
bird_4_010818_145107.5595.cbin,bbbbbbbkkiiiiiiiiiiiiiibbbbbbkkkiiieeeeeeeeebkbbbbbkkkkiiiiiiiiiiiiieeeeeeeeibbbbkiiiiiiiiiiiieeeeeeebkbbbbkkiiiiiiiieeeeeee
bird_4_010818_145137.5597.cbin,bbbbbkbbkiiiiiibbbbbbbbbbkkiiiiiiiiiiiiieeeeeeeeebkkiiiiiiiiiiiieeeeeebkbbbbbk
bird_4_010818_145229.5598.cbin,iiiiiiibbbbbbkiiiiiiiiiiiiiiiiiiiiiiiibbbbkiiiiiiiiiieeeeeeeeeebkbbbbbkkiiiiiiiieeeeeebbk
bird_4_010818_150129.5684.cbin,ibbbbiiiiiiiiiiieeeeeeeeebkbiiiiibbkiiiiiiiieeeeeeeeeeiiiieeeeeeeebkbbbbbbkkkiiiiiiiiiiiiiiieeeeeee
bird_4_010818_150200.5685.cbin,iiiiiiiibbbbkiiiiiiiiiiiieeeeeeebkbiiiiiiiiiiiiiiiieeeeeeeibkbbbbbbkiiiiiiiiiiiiieeeeeeebbkkkiiiiiiieiiiiieeeeeebkbbbbbbkkiiiiiiiiiiiiiiieeeeeeeeebkkiieeee
bird_4_010818_150855.5702.cbin,iibbkkkiiiiiiiiiiiiiiiiibbkiieeeeeeeeeebkbbbbkkiiiieeeeeeeeebkbbbbbbbbkiiiiibbbbkkiiiiiiiiiiiiieeeeeeeebkbbbbbbbbkkkiiiiieeeeeeeei
bird_4_010818_150941.5708.cbin,iibbbbbkkiiiiiiiiiiiiiiibbbbbbbkiiiieeeeeeeeeeebkkkkkiiiiiiiiiieeeeeeebkkkkiiiiiiiiiiiiieeeeeeeebkkkiiiiiiiiiiiieeeeeeebkbbbbbbbkkk
bird_4_010818_151232.5715.cbin,bbbbbbbbkieeeeeeeeebkieeeeeeeeebkkiiiiiiiiiiiieeeeeeeebkbbbiiieeeeeeebkiiiiiiiiiiiiiibbbbbkkkkiiiiiiiiiiiieeeeeeeebkkiieeeeeee
bird_4_010818_151300.5716.cbin,iibbbbbbkkkiiiiiiieeeeeeeebkkiiiiiiiiiiiieeeeebkbbbbbkkiiiiiiiiiieeeeeeeeebkbbbbbbkkkiiiiiiiiiiiiieeeeeebkkkbbbbkkkiiiiiiiiiiiieebeeeeebbbbebkkiiiiiiiiiiiiibbbk
bird_4_010818_152921.5834.cbin,iiiiiibbbbiiieeeeeeeeebkkkiiieeeeeeeeebkiiiiiiiiiiiiieeeeeeeebkkiiiiiiiiiiiiiiiieeeeeeeeebbbbiiiiiiiiiiiiiiiiiiiieeeeeeebkkiiiiieeeeeee
bird_4_010818_152952.5836.cbin,iiiiiiiiiiiibbbbkkiiiiiiiiieeeeeeeeebkkkkkkiiiiiiiiiiiiiieeeeeeebkbbbbbkkkiiiiiiiiiiiieeeeeeeeeebkkiiiiiiiiiiiiieeeeeeebkkiiiiiiiiiiiiiiieeeeeeee
bird_4_010818_153104.5848.cbin,iiiiiiiibbbbbkkiiiiiiiiiiiiiieeeeeeeeeebkkiiiiiiiiiiiieeeeeeebkkkiiiiiiiiibbbbbbiiiiiiiiiiiiiiiieeeeeeebkkiiiiiiiiiiiiieeeeeeebbbbbkiieeeeeeee
bird_4_010818_154314.5880.cbin,ibbbkiiiiiiiiiiiiiieeeeeeeeebk
bird_4_010818_154321.5881.cbin,ibbbbbkkkiiiiiiiiiiiiieeeeeeeebkkbbbbbbbkkkiiiiiiiiiiiieeeeeeee
bird_4_010818_154403.5888.cbin,iiiibbbbbkkkkiiiiiiiiiiiiieeeeeeeeeebkkkiiiiiiiiiieeeeeee
bird_4_010818_154410.5889.cbin,bbbbbbbkkkiiiiiiiiiiiiiiieeeeeeeeebkkiiiiiiiiiiiiieeeeeeeeebkbbbbbbkiiiiiiiiiiieeeeeeebbkkbbbbiiiiiiiiiiiiieeeeeeee
bird_4_010818_154436.5892.cbin,iiiiibbbbbbbkkkiiiiiiiiiiieeeeeeeebkkiiiiiiiiiiiieeeeebbkbbbbbbkkiiiiiiiiiiiiiiiebbbbiiiiiiiiiiiieeeeeeeebkibbbkiiiiiiiiiieeeeeeeeeebkkk
bird_4_010818_154455.5893.cbin,iiiibbbbbbbbbkiiiiiiiiiiiiieeeeeeeebkkbkkiiiiiiieeeeeee
bird_4_010818_154552.5901.cbin,ibbbbbkiiiiiiiiiiiiibkkkkiiiiiiiiiiiiiiieeeeeeeeebkbbbbbkkiiiiiiiiiiiiiieeeeeeeebkbbbbbiiiiiiiiiiiiieeeeeee
bird_4_010818_155013.5921.cbin,iiiiiieeiiiiekbbiiiiiiikiiiii
bird_4_010818_155259.5942.cbin,iiiiiiiibbbbbkkkbbbbbkkkiiiiiiiiiiiiiieeeeeeeeeebbkkiiiiiiiiiiiiieeeeeeeebkkiieeeeeeeeebkbbbbbkkkiiiiiiiiiiiieeeeee
bird_4_010818_155330.5949.cbin,bbbbbbkkiiiiiiiiiiiiieeeeeeeeeebkkkkiiiiiiiiiiiiiieeeeeebbbbbkiiieeeeb
bird_4_010818_155350.5952.cbin,iiiiiiiiibbbbbbkkkkiiiiiiieeeeeebkkkiiiiiiiieeeeeeebkbbbbbbkiiiiiiiieeeeeeebkkkkiiiiiiiiiiiiieeeeeeebkkiibbbbbbkkiieeeeeeee
bird_4_010818_155406.5953.cbin,ibbbbbkkiiiiiiiiiiieeeeeeeebkib
bird_4_010818_155431.5955.cbin,iiibbbbbbbbiiiiiiiiiiiiieeeeeeeebkkiiiiiieeeeeebbkkiiiiiiiiiiiiiiiiiiieeeeeee
bird_4_010818_155444.5956.cbin,iiibbbbbbkkiiiiiieeeeeeeebkbbbbkkiiiiiiiiiiieeeeeeebkbbbbbkiiiiiiiiiee
bird_4_010818_155541.5958.cbin,iiiiiibbbbbbbkiiiiiiiiibkbbbbbbbbiiieeeeeeeeebkbbbbbkiiiiiiiiiieeeeeeeebkkiieeeeeeebbbbbbkkiiiiiiiiiiiiieeeeeeee
bird_4_010818_155601.5959.cbin,iibbbbbbkkiiiiiiiieeeeeeeebkkiiiiiiiieeeeeeeebk
bird_4_010818_155740.5964.cbin,iiiiiiiiiiibbbkiiiiiiiiiiiiiiiebbbiieeeeeeeeeeebkkiiiiiiiiiiieeeeeeeeebkbbbbbkiiiiiiiiieeeeeeeebkbbbbkkkiiiiiiiiiiiieeeeeeeebkkiiiiiiiiiiiieeeeeeee
bird_4_010818_155816.5966.cbin,bkkbkeiiieeeeeeebkkkiiiiiiiiiiieeeeeebbbbbbkkbbbbkiiiiiieeeeeeeebkkkkiieeeeeeeebk
bird_4_010818_155859.5972.cbin,iiiiibbbbbbbbkiiiiiiiieebkkkiiiiiiiiiiiieeeeeeeebkkiiiiiiiiiiiiieeeeeeeeebkbbbbbkiiiiiiiiiiiieeeeeeebbkkbbbbekkkiiiiiiiieeeeeeeeebkkbbbbkiiiiiiiiiiiie
bird_4_010818_160807.6066.cbin,bbbiiiiiiiiiiiiiieeeeeeeeeekbbbiiiiiiiiieeeeeeeeeiiiiiieeeeeebkiiiiiiiiiiiiiiiieeeeeee
bird_4_010818_160819.6067.cbin,ibbbkkiiiiiiiiiiiiiieeeeeeebkkbb
bird_4_010818_160930.6070.cbin,iiiiiiibbbkiiiiiiiiiibbbiiiiiiieeeeeeeeebkbkkiieeeeeeeebkiiiiiiiiiiiieeeeee
bird_4_010818_160946.6071.cbin,iiiiiibbbbbbkkkiiiiiiiiiiiiiiiiieeeeeeeeebbkiiiiiiiiieeeeeebbbbbkiiiiiiieeeeeee
bird_4_010818_160956.6072.cbin,ibbbbbbbbbkkkkkiiiiiiiiiiieeeeeeebkkbbbbkiieeeeeee
bird_4_010818_162142.6141.cbin,iiiiiiiiiiibbbbkkiiiiiiiiiiiiieeeeeeeeeebkkkiiiiiiiiiiiiieeeeeeeebbbbbbkkkiiiiiiiiiiiieeeeeebbbbbbkiiiiiiiiiiiiiibbbbbkiiiiiiiiiieeeeeeeee
bird_4_010818_162221.6149.cbin,iiiiiibbbbbiiiiiiiiiiiiiiibkkkiiiiiiiiiieeeeeeeeebkbbbbbkkiiiiiiiiiieeeeeeeebbkkkkiiiiiiiiiiieeeeeeebkkibbbbkiiiiiiiiiiieeeeeeeebkkiiiieeeeeeeeibbb
bird_4_010818_162241.6151.cbin,ibbbbbbkkiiiiiiiiiiiiiieeeeeeeeebkkkbibbbbkkkkiiiiiiiiieeeeeeeebkkiiiieeeeebbkk
bird_4_010818_162312.6155.cbin,iiiiiibbbbbkiiiiiiiiiiiiieeeeeeeeebkkiiiiiiiiiiiiiiieeeeeeeebkkbbbbbbkkkiiiiiiiiiiiiieeeeeeebkbbbkiiiiiiiiiiiiiieeeeeeeebkbbbbbbbkiiiiiiiiiiiiiebbbbbbkkiiiiiiiiiiiiiiieeeeeeeeb
bird_4_010818_162825.6171.cbin,iiiiiiiibbbkiiiiiiiiiiiiiiieeeeeeeeebkbbbbbkiiiiiiiiiiiiieeee
bird_4_010818_162834.6172.cbin,iiibbbbbkkkkkiiiiiiiiiiiiiieeeeeeeeebkkbbbbbkiiiiiiiiiiiiiiiiiiiiiiiiieeeeeeeeibbbbbkiiiiiiiiiiiiiieeeeeeeee
bird_4_010818_162907.6175.cbin,bbbbbbkkkiiiiiiiiiiiiiiiiiiiiiiiiieeeeeeebkbbbbbbbkkkkiiiiiiiiiiiiieeeeeebkkkbbbbbbbkkiiiiiiiiiiiieeeeeeeebkbbbbkkiiiiiiiiiiiiieeeeeeekbbbbkkiiiiiiiiiiieeeeeeebkkbbbbkkkbkkiiiiiiiiiiiieeeeeeeeebkkbkkiiiiiiieeeeeee
bird_4_010818_163003.6180.cbin,iiiiiiiibbbbkiiiiiiiiiiibbbbbbibbbbbbkkkkiiiiiiiiiiiiiiiiiiiiiiiiieeeeeeeeeeibbbbbkkiiiiiiiiiiiiiiiebbbbbbkkkkiiiiiiiiiiiieeeeeeee
bird_4_010818_163234.6185.cbin,iiiibbbbkiiiiiiiiiiiiiiiiiiiiiiiieeeeeeeeeeebkkkkkbbiiiiiiieeeeeeeebkbbbbkiiieeeeeeeebkbbbbbbkkiieeeeeeeeebkkiiiiiiiiiiiiiieeeeeee
bird_4_010818_163300.6187.cbin,iiiiiiiiiibbbbbbkkkiiiiiiiiiiiiiiieeeeeeeeeebkkiiiiiiiiiiiieeeeeeebkkbbbkkiiiiiiiiiiiieeeeeeeebkkibbbbbbkiiiiiiiiiiiiiiiieeeeeeebkbbbbbbkkkkibb
bird_4_010818_163317.6188.cbin,iiiiiiiiiiiiiiibbbkkiiiiiiiiiiiiiieeeeeeeebkbbbiibbkkkkkiiiiiiiiiiieeeeeeeebkkbiiiiii
bird_4_010818_163335.6190.cbin,iibbbbbbbkkkiiiiiiiiiiiieeeeeeebkkkiiiiiiiiiiieeeeeebkbbbbkkiiiiiiiiiiiiieeeeeeeiiibkbbbbbkiiiiiiiiiiieeeeeeee
bird_4_010818_163501.6193.cbin,bbbbbkkkiiiiiiiiiibbbbbkiiiiiiiiiiiiieeeeeeeibbbbkkieeeeeeebkbbkiiiiiiiiiiieeeeeeeeibbbbkkiiiiiiiiiiiiebbbbbbkkkiiiiiieiiieieeeeeeee
bird_4_010818_163838.6202.cbin,iiiiiiiiiiiibbkiiieeeeeeeeebkkiieeeeeeeeebkbbbkkiiiiiiiiiiiiiiieeeeee
bird_4_010818_163851.6205.cbin,bbbbbbbkkiiiiiiieeeeeeeebkbbbbbbiiiiiiiiiiiieeeeeeeebkbbbbkiiiiiiiiiiiieeeeeeeebbbbbbkkkiiiiiiiiiiiiieeeeeeeibbbkkiiiiiiiiieeeeeeeibbbbkkkiiiiiiiiiiiiieeeeeeeeibbbbbkkiiiiiiiiiiie
bird_4_010818_163913.6206.cbin,bbbbbkkkkbbkkiieeeeeeebibbbbkkkkkiiiiiiiiiiiiie
bird_4_010818_163933.6211.cbin,iiiiiiiiiiibbbbbbkkkiiiiiiiiiiieeeeeeeebkbbbbbkiiiiiiiiiiiieeeeeeeeebkkbbbbbkkiieeeeeeeeibbbbkiiiiiiiiiiiieeeeeeee
bird_4_010818_164001.6214.cbin,iiiiiiiiibbbbkiiiiiiiiiiiiiieeeeeeebkkiiiiiiiiiieeebkbbbbkiiiiiiiiiiiiiieeeeeeebkkbbbbbbkiiiiiiiiiiieeeeeeeeebbkkbiiiiiiiiiiiiiieeeeeeeeibbbbkiiiiiiiiiiiiiieeeeee
bird_4_010818_164153.6224.cbin,iiiiiiiibbbbbkkkiiiiiiiiiiiiiibbbkiiiiiiiiiiiiieeeeeeeebkbbbbbbkiiiiiiiiiiiiiieeeeeeeebkkiiiieeeeeeeebkbbbbbkiiiiiiiiiiiieeeeeeebkbbbkkiiiiiiiiiiiiieeeeeeebkkiiiiiiiiiiiiiieeeeeee
bird_4_010818_164222.6226.cbin,bbbbbbbbkkiiiiiiiiiiiiieeeeeeeeebkkkkiiiiiiiiiiiiibkkbbbbkiiiiiiiiiiieeeeeeebkbbbbbbkkkiiiiiiiiiiiieeeeeeeeeibbbbkkkkkiiiiiiiiiiiiieeeeeee
bird_4_010818_164243.6227.cbin,iiiiiiiiiiibbbbkkkkiiiiiiiiieeeeeeebkkiiiiiiiiiiiieeeeeeebbiiiieeeeeeebkbk
bird_4_010818_164413.6235.cbin,iiiiiiiiiibbbbbkiiiiiiiiiiiiiiiiiieeeeeeeebkkkkiiiiiiiiiiiiiieeeeeeebkbbbbbkiiiiiiiiiiiiieeeeeeeebkbbbbbkkiiiiiiiiiiiieeeeeeebkkiieeeeeeeiibbbkiieeeeeee
bird_4_010818_164636.6269.cbin,iibbbibbkkiiiiiiiiiiiiiiiieeeeeeeeebkkiiiiiiiiiiiiiiieeeeeeeebkkiiiiiiiiieiiiiieeeeeeeebbbbbbbkkkkiiiiiiiiiiiieeeeeeeeibbbbbkiiiiiiiiiiiiieeeeeeebkbbbbbkiiiiiiiiiiieeeeee
bird_4_010818_165214.6284.cbin,iiiiiiiiibbkiiiiiiiiiiiiiiiiieeeeeeeebbbbkiiiiiiiiiiiiiiiiieeeeeee
bird_4_010818_165222.6285.cbin,iiiiibbbbkiiiiiiiiiiiiieeeeeeebkkibbiiiiiiiiiiiiiiiiiiiiiieeeeeeeebkkbbbbkkiiiiiiiiiiieeeeeee
bird_4_010818_165327.6295.cbin,iiiiibbbbbkibkibbbkiiiiiiiiiiiiiieeeeeeeebkkiiiiieeeeeeeebbbbbbkkbkkiiiiiiiiiiieeeeeee
bird_4_010818_165348.6299.cbin,iiiiiiiiibbbbbbbbkkiiiiiiiiiiiiieeebbkkkiiiiiiiiiiiiiieeeeeeeebbbbbbbkkiiiiiiiiiiiiiiiibbbbbbkieeeeeee
bird_4_010818_165412.6302.cbin,iiiiiiiiiiibbbbbkkkkiiiiiiiiiiiiiiiieeeeeeeeebkkbbbbbbbbbkkiiiiiiiiiiiiieeeeeeeebkkiiiiiiiiiiieeeeeeeeibbbbbkiieeeeeeekibbbbbbbkkiiiiiiiiiiiiiiiieeeeeebbbkkkkkkkiiiiiiiiiiiiiieeeeeeeee
bird_4_010818_165952.6332.cbin,iiiibbbbbkiiiiiiiiiiiibbbbkiiiiiiiiiiiiiieeeeeeeeeebkiiiiiiiiiiiiiiiiiiiiiiieeeeeeee
bird_4_010818_170009.6334.cbin,iiiiiiibbbbbkkkbkkiiiiiiiiiiiiiieeeeeeeeeebkkkkiiiiiiiiiiiiiieeeeebkkiiiiiiiiiiiibbbbbbbbkiiiiiiiiiieeeeeeebbbbbbbiiiieeeeeeeibbbbbkkkiiiiiiiiiiiiieeeeeeeee
bird_4_010818_170954.6378.cbin,iiiiiibbbbiiiiiiiiiiiiiiiiiiiiiiiiiibbbkkiiieeeeeeeee
bird_4_010818_171044.6379.cbin,iiiiiiiiibbbbkiiiiiiiiiiiiiiiiiiieeeeeeeeeeebkkiiiiiiiiiiiieeeeeeeebkbbbbiieeeeeeeebkiiieeeeeeebbbbbbbkkiiiiiiiiiiiiiieeeeeeeebkbbbbbbbkiibbbbbkkkkiieeeee
bird_4_010818_171133.6383.cbin,iiiiiiiibbbbbkkkiiiiiiiiiiiiibbbbbkkkbkkiiiiiiiiiiiieeeeeeeeebkbbbbbbkbkkiiiiiiiiiiiiiieeeeeeeeibbbbbk
bird_4_010818_171636.6412.cbin,iibbbbbiiiiiiiiiiiibbbkbiiiieeeeeeeeeeibbbbbbkkkkiiiiiiiiiiiiibkbbbkkki
bird_4_010818_171651.6413.cbin,iibbbkkiiiiiiiiiiiieeeeeeeeebkkkiiiiiiiiiiiiiieeeeeeebkbbbbkkiiiiiiiiiiiiieeeeeeeeibbbbkiiiiiiiiiiiiiiieeeeeeebkkkkiiiiieeeeee
bird_4_010818_171736.6414.cbin,iiiiiiibbbbkiiiiiiiiiiiibbbkkiiiiiiiiiiiiiiiiiiiiiiiiiiiiiieeeeeeeeebkkkiiiiiiiiiiiieeeeeeeebkbbbbbbkkiiiiiiiiiiiieeeeeeeeebbkbbbbbbkkkkiiiiiiiiieeeeeee
bird_4_010818_172755.6454.cbin,iiiiiiiiibbbkieeeeeeeeeebkbbbiiieeeeeeeeebbbkkiiibbbbbbbkiiieeeeeeeebkkkkiiiiiiiiiiieeeeee
bird_4_010818_173328.6490.cbin,ibbbkkiiiiiiiiiiiiiiibbbbkkkiieeeeeeeeeeiiiiiiiiiiiiiiiieeeeeeee
bird_4_010818_173337.6491.cbin,iiiiiiibbbbkkkiiiiiiiiiiiiiieeeeee
bird_4_010818_173343.6492.cbin,iiiiiiiiiibbbbbkkkiiiiiiiiiiiiieeeeeebkkbiiiiiiiiiiiieeeeeeeee
bird_4_010818_173351.6493.cbin,iibbbbbbkkkkiiiiiiiiiieeeeeeeebkbbbbbkiieeeeeeeiibbbbbbbbkkkkkiibbbbkkkkiiiiiiibbbbbbkiiiiiiiiiiiiiebbbbbkkiiiieeeeeeee
bird_4_010818_173413.6494.cbin,iiiiiiiiiiibbbbbkkbkkiiiiiiiiiiiiieeeeeeeeebkkiiiiiiiiiieeeeeeeebkkibbbbkiiiiiiiiiiieeeeeeeebk
bird_4_010818_173426.6495.cbin,iiiiiiiiiiiiiibbbbbkkkkkiiiiiiiiiiiiieeeeeeeebbkkkiiiiiiiiiiibbbbkkkkiiiiiiiiiiiiieeeeeeeebkkiiiiiiiiibbbbbkkkiiiiiiiiiiiieeeeeeee
bird_4_010818_173452.6498.cbin,iiiiiiiibbbbbbbkkkiiiiiiieeeeeeeeeebkkkiiiiiiieeeeeeebkkbbbbbbkkkkiiiiieeeeeeee
bird_4_010818_173527.6501.cbin,iiiiiiibbbbbbbkkiiiiiiiiiiiiiiieeeeeeeebkkiiiiiiiiiiiieeeeeeeebkkkkiiiiiiiiiieeeeeeibbb
bird_4_010818_173545.6504.cbin,iiiiiiiibbbbbbkkkiiiiiiiiiiiiieeeeeeebibbbbkkkkkiiiiiiiiiiiiiieeeeeeeebkkbbbbbbkiiiiiiiiiiieeeeee
bird_4_010818_173806.6511.cbin,iiiiiiiibbbbiieeeeeeeeebkkkiiiiiiiiiiiiieeeeeeeee
bird_4_010818_173836.6516.cbin,iiiiiiiiibbbbbkkkkkiiiiiiiiiiiieeeeeeeeeebkkiiiiiiiiiiiiieeeeeeebbbbbbkkkiiiiiiiiiiiieeeeeeebbbkkiiiieeeeeeeebkkbbbbkiiiiiiiiiiiiieeeeeeebkbbbbbbkiiieeeeeee
bird_4_010818_173958.6522.cbin,iiiibbbbbbbbbbbbkkkkiiiiiiiiiiiiieeeeeeeeeeeebkiiiiiiiiiiiieeeeeeeebkbbbbbbbkkiiiiiiiiiiiiieeeeeeeeee
bird_4_010818_174013.6523.cbin,iiiiiiiibbbbkkkiiiiiiieeeeeeeeebkbbbbbbkkkkkiiiieeeeeeeebkbbbbbkkkiiiiiiiiiiiii
bird_4_010818_174443.6558.cbin,iiiiiiiiiibbkiiiiiiiiiiiiiiibbbkkiiiiiiiiiiiiibbbbbbbbiiiiiiiiiiiiieeeeeeeeeieeeeeeebkbbbbb
bird_4_010818_174501.6561.cbin,iiiiiiiibbbbbkkiiiiiiiiiiiiiiiieeeeeeee
bird_4_010818_174517.6565.cbin,iiiiiiibbbbbbiiiiiiiiiiiieeeeeeeeebkkiiiiiieeeeeeebkiiiiiiiieeeeeeebbbbbbbbbkiiiiiiiiieeeeeeee
bird_4_010818_174624.6580.cbin,iiiiiiiiibbbbbbbkkkkkiiiiiiiiiiiiiieeeeeeeee
bird_4_010818_174645.6585.cbin,iiiiiiiiiiibbbbbbbkkkiiiiiiiiiiiiiibbbbbkkkiiiiiiiiiiiiiieeeeeeeebkkkkiiiiiiiiiiiiiiiieeibbbbbkiiiiiiiiiiiiieeeeeeeibkkkiiiiiiiiiiiibbbbiiiiiiiiiieeeeeeeiiiiiibbbbkkbbk
bird_4_010818_174705.6586.cbin,ibbbbbbbbkkiiiiiiiiiieeeeeeeebkkkbbb
bird_4_010818_175818.6641.cbin,iiiiibbbbkiiiiiiiiiiiiiibbbkbbbkiiiieeeeeeee
bird_4_010818_180636.6658.cbin,iiiiiiiiiiiiiebiiiibbiibeiiibbiiiiiiiibbiiiiiiiiibbiiii
bird_4_010818_181235.6705.cbin,bbkiieeeeeeeeeeeebkiiiiiiiiiiiiii
bird_4_010818_181249.6708.cbin,iiiiiiiiiiiibbbbbkkkkiiiiiiiiiiiiieeeeeeeebkiiiiiiiiiiiiiiieeeeeeebkbbbb
bird_4_010818_181317.6710.cbin,iibbbbbbiiiiiiiiiiiiiiiiiiiiiiiiiiiiiiiiieeeeeeeebbkiiiieeeeeeebkkkiiieeeeeeebkkkbbbbbbkkiiiiiiiieeeeeeeebbbbbbkkkiiiiiiiiiiiiiiieeeeeee
bird_4_010818_181359.6712.cbin,iiiiiiiiiiibbbbkkkiiiiiiiiiiieeeeeeeebbkkkkiieeeeeebk
bird_4_010818_181406.6713.cbin,ibbbbbbbbbkkkkkiiiiiiiiiiiieeeeeeeeebkbbbbbkkkiiiiiiiiiiiieeeeeee
bird_4_010818_181427.6714.cbin,iiiiiiiiiibbbbbbbkkbbkiiiiiiiiiiiiiiibbbbbbkkkkiiiiiiiieeeeeeeeebkbbbbbbkiiiiiebbbiiiiiiiiiiieeeee
bird_4_010818_181447.6715.cbin,iiibbbbbbbkkiiiiiiiiiiiieeeeeeeebkkkiiiiiiiiiieeeeeeeeb
bird_4_010818_181512.6717.cbin,iiiibbbbbbbkkiiiiiiiibbbkkkiiiiiiiiiiiiieeeeeeeebkbbbbbbkkkiiiiiiiiiiiieeeeeeeee
bird_4_010818_181606.6720.cbin,iiiiiiiiiiibbbbbbkiiiiiiiiiiiiiieeeeeeeeeebkkiiiiibbbbbbkiiiiiiiiiiibbebbkkiiiiiiiiiiiieeeeeeeebkkiiiiiiiiiiie
bird_4_010818_181618.6721.cbin,ibbbbbbkkkiiiiiiiiiiiieeeeeeeebkkkbbbbbkiiiiiiiiieeeeeeeeibkkiiiiiiiiiii
bird_4_010818_181653.6724.cbin,iiiiiiibbbbbbbkkkkiiiiiiiiiiiiieeeeeeebkkiiiiiiiiiiiiieeeeeeeebkkiiiiiiiieeee
bird_4_010818_181720.6725.cbin,iiiiiibbbbbbkkiiiiiiiiiiiiiiiiiiiiiiiiieeeeeeeeebkkkiiiieeeeeeeebk
bird_4_010818_182454.6793.cbin,iiiiiiiibbbbkiiiiiiiiiiiieeeeeeeeeebkkkkiiiiiiiiiik
bird_4_010818_182517.6794.cbin,iiiiiiibbkiiiiiiiiiiibbbbbbiiiiiiiiiiiiiieeeeeeebbbbbbkkiieeeeee
bird_4_010818_182541.6799.cbin,iiieeeeeeiiiiiiiiibbiiiiiiiibbbbiiiibbiiibbbiiiiiiiiiiiiiiiiiibbibiiiiibiiiibbiiiiiiiibiiiiiiieeiiiebiiiiiiii
bird_4_010818_182801.6815.cbin,iibbbbkkkkiiiiiiiiiiiiieeeeeeeeebkiiiieeeeeeeeebkkbbbbbkiiiiiiiiiiiiiiiiieeeeeeeee
bird_4_010818_183558.6865.cbin,iiiiiiiiibbbbiiiiiiiiiiiiieeeeeeeebkkkiiiiiiiiiiiiiieeeeeeeebkkiiiiiiiiiiii
bird_4_010818_183619.6867.cbin,iiiiiiiiiibbbbbkiiiiiiiiiiiieeeeeeebkkiiiiieeeeeeebkkkiiiiiiiiiiiiiiieeeeeeeeebkbbbbbbbkkiiiiiiiiiiiiieeeeeeee
bird_4_010818_183752.6885.cbin,iiiiiiiiibbbbkkkiiiiiiiiiiiieeeeeeebkkkiiiiiiiiiiiiiieeeeeeee
bird_4_010818_183800.6886.cbin,ibbbbbbbbbkkiiiiiiiiiiiiieeeeeeeeeeebkkkiiiiiiiiiiiieeeeeeebbbbbbkiiiiiiiiiiiieeeeeee
bird_4_010818_183825.6888.cbin,iibbbbbbbkkiiiiiiiiiiiiiieeeeeeebkkbbbbbbkiiiiiiiiiiiiiiieeeeeeeee
bird_4_010818_183833.6889.cbin,bbbbbbkbkkkiiiiiiiiiiiiiiiieeeeeeee
bird_4_010818_183936.6900.cbin,iiiiiiiiiiiiiiiiibbbbbkkkkiiiiiiiiiiieeeeeeeeebkkkiiiiiiiiiiiiieeeeeeeeebkbbbbbbbbk
bird_4_010818_183951.6901.cbin,iibbkkiiiiiiiiiiiiieeeeeeebkkkiiiiiiiiiiiiiieeeeeeeebkkkiiiiiiiiiiii
bird_4_010818_190117.7028.cbin,iiiiiiiibbbiiiiiiiiiiiiieeeeeeeebkkbkbbbkiiiieeeeeeeeebkbbbbkkiiiiiiiiiiiiiiiieeeeeeeebkk
bird_4_010818_190134.7030.cbin,iiiiiiibbbbbkkkkiiiiiiiiiiiiiiiieeeeeebkkkiieeeeee
bird_4_010818_190207.7038.cbin,iiiiiiiibbkkiiiiiiiiiiiiiiiieeeeeeeebkkkkkiiiiiiiiiiiiiiieeeeeee
bird_4_010818_190623.7071.cbin,iiiiiibbiiiiiiiiiiiiieeeeeeeeebkkkiiieeeeeeeeebkkiibbb
bird_4_010818_201018.7500.cbin,iiiiiiiiiiiiiiibbbkiiiiieeeeeeeee
bird_4_010818_202324.7604.cbin,iiiibbbiiiieeeeeeeeeebkkiiiiiiiiiiiiieeeeeeeee
bird_4_010818_202332.7605.cbin,iiiiiiiiiibbkkkkiiiiiiiiiiiiiieeeeeeeeebkkiiiiiiiiiiiiiieeeeeee
bird_4_010818_202342.7606.cbin,iiiiiiiiiiibbbbbkkiiiiiiiiiiiiieeeeeeeebkkkkiiiiiiiiiiiieeeeeeebbbbbbbbkkiiiiiiiiiiiieeeeeeeee
bird_4_010818_202405.7609.cbin,iiiiiiiiiiiiiiibbbbbbkkkiiiiiiiiiiiiiiiiebkkkkkiiiiiiiiiiiiiieeeeeee
bird_4_010818_203714.7703.cbin,iiiiiiiibbkiiiiebeeeeeeeeeebkbbbiiiieeeeeeeee
bird_4_010818_203726.7704.cbin,iiiiiiiibbbbbiiiiiiiiiiiieeeeeeeeebkkiieeeeeeee
bird_4_010818_203744.7706.cbin,iiiiiiiiiiibbbbbkkiiiieeeeeeeeeebkiiiiiiiiiiiiieeeeeeeebkbbbbbbkkiiiiiiiiiiiiiieeeeeeee
bird_4_010818_203936.7730.cbin,iiiiiiiiiiibbbkkkiiiiiiiiiiiiieeeeeeeee
bird_4_020818_065540.8000.cbin,bbbiiiiiiiiiibbbkkiiieeeeeeeeebbkiiiiieeeeeeeeebbb
bird_4_020818_065933.8046.cbin,iiibbbbkiiiiiiiiiiiieeeeeeeebkkiiiiiiiiiiiieeeeeeeebkibbkkiiiiiiiiiiieeeeee
bird_4_020818_070355.8088.cbin,iiiiiiiiiiiibbbkiiiiiiiiiiiiiiieeeeeeeeebkkkiiiiiiiiiiiiii
bird_4_020818_070404.8089.cbin,iiibbbkiiiiiiiiiiiiiiiiiiiiieeeeeeeebkkiiiiiiiiiiiiiieeeeee
bird_4_020818_070412.8090.cbin,iiiiiiibbbkkkiiiiiiiiiiieeeeeeebkkkiiiiiiiiiiiiieeeeeee
bird_4_020818_070422.8092.cbin,iiiiiiiiiiiibbbbbkkkkiiiiiiiieeeeeeeibkkiiiiiiiiiiieeeeee
bird_4_020818_070451.8094.cbin,iiiiiiiiibbbbkiiiiiiiiiiiiiieeeeeeeebkkkiiiiiiiiiiiiieeeeee
bird_4_020818_070505.8096.cbin,iiiiiiibbbbbkiiiiiiiiiiiiiieeeeeeebkkiiiiiiiiiiieeeeeeeibbkkiiiiiiiiiiiiieeeeeeebkkiiiiiiiiiiieeeeeee
bird_4_020818_070556.8100.cbin,iiiiiiiiibbbbkkiiiiiiiiiiieeeeeeeeeibkkiiiiiiiiiiiiiieeeeeeibbbbkkiiiiiiiiiiiiiieeeeeeee
bird_4_020818_070621.8101.cbin,iiiiiiiibbbbbbkkkiiiiiiiiiiiiiiiiiiiiiiieeeeeeeebkkiiiiiiiiiiiiiiibbbbbkkiiiiiiiiieeeeeeeibbbbkiiiiiiiiiiieeeeee
bird_4_020818_070704.8107.cbin,iiiiiiiiibbbbbkiiiiiiiiiiiiiiiiiiiieeeeeeebkkiiiiiiiiiiibbbbbkkkiiiiiiiieeeeeeebkkiiiiiiiiiieeeeeee
bird_4_020818_070737.8111.cbin,iiiiiiiiibbbbkkiiiiiiiiiiiiieeeeeeebkiiiiiiiiiiibbbbbbkkkiiiiiiiiiieeeeeeeebkkbbbkiiiiiiiiiiiiiieeeeeeee
bird_4_020818_071002.8116.cbin,iiiiiiiibbkbkkkkiiiiiiiiiiiiiiibbbbbkkiiiiiiiieeeeeeeebkkkiiiiiiiiiiibbbbbkiiiiiiiiiiiieeeeee
bird_4_020818_071017.8117.cbin,bbiiiiiiiiiibbbbbkkiiiiiiiiiiiieeeeeeebkkkkiiiiiiiiiiiiiieeeeeeeebkkiiiiiiiiiiii
bird_4_020818_071031.8119.cbin,iiiiiiibbbbiiiiiiiiiiiiieeeeeebkkiiiiiiiiiiieeeeeee
bird_4_020818_071044.8122.cbin,bbiiiiiiiiiiiibbbbbkkiiiiiiiiiiieeeeeebkkkiiiiiiiiiiikeeeeeeebkkiiiiiiiiiiiiieeeeeee
bird_4_020818_071103.8125.cbin,iiiiiiiibbbbbbkkkkiiiiiiiiiiieeeeeeebkkkiiiiiiiiiiiiiieeeeeeebkbbbbbbbkkkiiiiiiiiiiiiiibbbbbkkiiiiiiieeee
bird_4_020818_071258.8156.cbin,iiiiiiibbbkkkiiiiiiiiiiiieeeeeeebkkkkiiiiiiiiiiiiiiiieeeeeeebkbbbkiiiiiiiiiiiiibbbibbkkkiiiiiiiiiiiib
bird_4_020818_071514.8175.cbin,iiiiiiiiiiibbbbbkkkiiiiiiiiiiiieeeeeeeebkkkiiiiiiiiiiiiiiieeeeeeebkkkiiiiiiiiiiiieeeeeeee
bird_4_020818_071538.8180.cbin,iiiiiiiiibbbbbbkkkkkiiiiiiiiiiiiieeeeeeeebkkkiiiiiiiiiiiieeeeeee
bird_4_020818_071826.8198.cbin,iiiiiibbbbkkkkkiiiiiiiiiiiiiieeeeeeeebkbbbkkiiiiiiiiiiiiiiiiiiieeeeee
bird_4_020818_071906.8201.cbin,iiiiiiiiibbbbbkiiiiiiiiiiiiibbbkkkkiiiiiiiiiiiieeeeeeeeeebkkiiiiiiieeeeeebkkkbbbbkiiiiiiiiieeeeee
bird_4_020818_072011.8204.cbin,iiiiiiiibbbkkkkiiiiiiiiiiiiiiiiiiiiieeeeeee
bird_4_020818_072142.8218.cbin,iiiibbbbbkiiiiiiiiiiiiiiiibkkkiiiiiiiiiiiii
bird_4_020818_072245.8230.cbin,iiiiiiiiiiiibbbbkkkkkiiieeeeeeeeeebkkkiiiiiiiiiieeeeeeebkkkiiiiiiiiiiiiiiiiiiiiiiii
bird_4_020818_072758.8277.cbin,iiiiiiiiiibbbbkkiiiiiiiiiiiiiiiiiiiiiiiiiiiiiiiieeeeeeeeee
bird_4_020818_072854.8287.cbin,iiiiiiiibbbbkkkiiiiiiiiiiiiieeeeeeeeebkkiiiiiiiiieeeeeeebkkkiiiiiiiieeeeeeebkiiiieeeeeee
bird_4_020818_072908.8288.cbin,iiiiiiiiiibbbbkiiiiiiiiiiiiiieeeeeebkkiiiiiiiiiiiieeeeeee
bird_4_020818_072930.8293.cbin,iiiiiiiibbbbbbkkkiiiiiiiiiiiiiieeeeeeeebkkiiiiiiiiiieeeeeeeeebkkkiiiiiiiiiiiieeeeee
bird_4_020818_072947.8295.cbin,iiiiiiiiibbbbkkkkiiiiiiiiiiiiieeeeeeeebkkkkkiiieeeeeeeebkkkiiiiiiiiiiiiieeeeeeebbkkiiiiiiiiiiieeeeeee
bird_4_020818_073032.8302.cbin,biiiiiiiiiiibbbbbbkiiiiiiiiiiieeeeeeeebkkkkiiiiiiiiiiieeeeeeeebkbbkiiiiiiiiiiieeeeeeeeibbbbbkkiiiiiiiiiieeeeebeeebkkkiiiiiiiii
bird_4_020818_073209.8311.cbin,iiibbbbkkiiiiiiiiiiiiieeeeeeeeebkikkiiiiiiieeeeeeee
bird_4_020818_073358.8328.cbin,iiiibbbbbbkkiiiiiiiiieeeeeeeebkkkiiiiiiiiiiiieeeeeeeebkkiiiiiiiiiiiiibbbbbbbbkiiiiiiiiiiiiieeeeeee
bird_4_020818_073626.8352.cbin,iiibbbbbbkkkkkiiiiiiiiiiiiieeeeeeebkbbb
bird_4_020818_073705.8357.cbin,biiiiiiibbbbbkiiiiiiiiiiiiibbbkkkiiiiiiiiiieeeeeeeeebk
bird_4_020818_073746.8361.cbin,iiiiiiibbbbkkiiiiiiiiiiiiieeeeeeeeebkkiiiiiiiiiiii
bird_4_020818_073815.8367.cbin,bbiiiiiiiiiiibbbbkkiiiiiiiiiiieeeeeeeebkkkkkkiiiiiiiiiiiiiiiiiiiieeeeeeeebkbbbekiiiiiiiiiiiieeeeeeibkkiiiiiiiiieeeeee
bird_4_020818_073948.8380.cbin,iiiiiiiibbbkkiiiiiiiiiiieeeeeeeebkkiiiieeeeeeeeebkbbbbbkiiiiiiiiiiiii
bird_4_020818_074416.8419.cbin,ibiiibbbbkkkkkiiiiiiiiiieeeeeeeeeebkkiiiiiiiiiiieeeeeeebkkkkikkeeeeeee
bird_4_020818_074835.8463.cbin,ibbbbkkkkiiiiiiiiiiiieeeeeeeebkkkiibkiiiiikiiieeeeeeeebkbbbbkiiiiiiiiiiiieeeeeeeee
bird_4_020818_074901.8467.cbin,bbbiiiiiiiibbbkkkiiiiiiiiieeeeeeeeebkkkkiieeeeeeeibbbbkiiiiiiiiiiiiiii
bird_4_020818_074945.8472.cbin,biiiiibbbbbbkkkkkiiiiiiiiiiiiiieeeeeeebkkkiiiiiiiiiiiiiiiieeeeeeebkiiiiiiiiiieeeeeee
bird_4_020818_074959.8474.cbin,iiiiiibbbibkiiiiiiiiiiiieeeeeeebkkiiiiiiiiiiiieeeeeeeeibbbbbkbkkkiiiiiiiiiiiieeeeeee
bird_4_020818_075124.8481.cbin,bbiiiiiiiiiiibbbkkkiiiiiiiiiiiieeeeeeeeebkkkkiiiiiibbbbbkkiiiiiiiiieeeeeeebkiiiiiiiiiiiibbbkkiiieeeeeeeeiiiiiiiiiibbbbkiiiiiiiieeeeeee
bird_4_020818_075155.8483.cbin,iiiiiiiiiiiibbbbbkkkkiiiiiiiiiiiiieeeeeebkkkiiiiiiiiiiiiieeeeebbbkkkkiiiiiiiiiiieeeeeeeebkkkiieeeee
bird_4_020818_075738.8513.cbin,iiiiiiiiibbbkiieeeeeeeebkkkiiiiiiiiiiii
bird_4_020818_075809.8521.cbin,biiiibbbkiiiiiiiiibbbbbbkkkiiiieeeeeeeeebkkkiiiiiiiiiiiiiieeeeeeeebkbbbbbkkbbiiiiiiiiiiieeeeeeee
bird_4_020818_080224.8560.cbin,iiiiiiiiibkkiiiiiiiiiiiiibbbbkkkiiiiiiiiiiiiiieeeeeeeeebkkkiiiiiiiiiiiiiibbbbk
bird_4_020818_080257.8564.cbin,iiiibbbbkkkkkiiiiiiiiiieeeeeeeeebkkkiiiiiiiiiiieeeeeeebkkkkiiiiiiiiiiieeeeeeeebkkiiiiiiiiiieeeeee
bird_4_020818_080935.8593.cbin,iiiiiiiiibbbkkiiiiiiiiiiiiiieeeeeeeeebkkkiiiiiiiiiiiiieeeeeebkkiiiiiiiiiiiiiiiiiiiieeeee
bird_4_020818_080955.8595.cbin,iiiiibbbbbbbkkkiiiiiiiiiieeeeeeeebkkkiieeeeeeebbbbbbbkkk
bird_4_020818_081054.8598.cbin,iiiiiiiiiiiibbbbiiiiiiiiiiiiibbkkkiiiiiiiiiiiiiieeeeeeeebkkkiiiiiiiiiiiiieeeeeeeiiibbbbbkiiiiiiiiiiiieeeeeeebkkiiiiiiiiiiiieeeeeeeiiiiiibbbkiiiiiiiieeeeeeebkkkiiiiiiiiiiieeeeeee
bird_4_020818_081120.8602.cbin,iiiiibebbkkkiiiiiiiiiiiieeeeeeeebkkkiieeeeeee
bird_4_020818_081140.8608.cbin,bbiiiiiiiiiiibbbbbbbkiiiiiiiiiiiiibkkkkkiiiiiiiiiiiieeeeeeeeebkkkkiiiiiiiiiiieeeeeeeibbbbikkkiiiiiiiiiiiiieeeeeeee
bird_4_020818_081335.8622.cbin,iiiiiiiiiiibbbbkiiiiiiiiiiiieeeeeeeeebkkkiiiiiiiiiiiiieeeeeee
bird_4_020818_081509.8627.cbin,biiiiiiiiiiibbbbkkkkiiiiiiiiiiieeeeeeeeeebkkkkiiiiiiiiiiiiieeeeeeebbbbbbkkiiiiiiiiieeeeeeee
bird_4_020818_081809.8649.cbin,iiiiiiiiiibbkkiiiiiiiiiiiibbbbbkiiiiiiiiiiiiiieeeeeeeee
bird_4_020818_081822.8652.cbin,iiiibbbbkkkkiiiiiiiiiiibkiiiiiiiiiiiiiiiiiieeeeeeebkkiiiiiiiiiiieeeeeeebkkkiiiiiiiiiiiiibbbkkiiieeeeeeee
bird_4_020818_081903.8654.cbin,iiiiiiiiiiiibbbkkiiiiiiiiiiiiiieeeeeeebkkkkiiiiiiiiiiiiieeeeeeeebkbbbbbkiiiiiiiiiiiieeeeeee
bird_4_020818_081930.8656.cbin,iiiiiiibbbkkkiiiiiiiiiiiibbbbikkkiiiiiiiiiieeeeeeeebkkkiiiiiiiiiiieeeeeeeebkbbbbbkiiiiiiiiiiieeeeeeeibbbkkkiiiiiiiiiieeeeeee
bird_4_020818_082014.8661.cbin,iiiiiiiiiiiiiibbbbkiiieeeeeeeebkkkkiiiiiiiiiiiieeeeeeeebkkkiiiiiiiiiiiiieeeeeibbbbbbkkkiiiiiiiiiiieeeeeeeeibbbbkiiiiiiiiiiieeeeeee
bird_4_020818_082036.8663.cbin,iiiiiiiiiiibbbbbbkkkiiiiiiiiiiiiiieeeeeeeibkkkiiiiiiiiiiiiieeeeeee
bird_4_020818_082105.8666.cbin,iiiiibbbbkkkiiiiiiiiiiibbkkkkiiiiiiiiiieeeeeeebkkbbbbbkkiiiiiiiiiieeeeeee
bird_4_020818_082154.8680.cbin,iiiiiiiiibbbbbkkiiiiiiiiiiiiiiiiiiiiieeeeeeeebkkkiiiiiiiiiiiibbbbkiiiiiiiiiiiiieeeeee
bird_4_020818_082209.8682.cbin,iiiiiiiiibbbbbbbbkiiiiiiiiiiieeeeeeebkkiiiiiiiiiiieeeeeee
bird_4_020818_082217.8683.cbin,ibbbkkiiiiiiiiiiiiieeeeeebkkiieeiiiiiiiieeeeeeeee
bird_4_020818_082647.8711.cbin,iiiiiiiiiiiibbbkiiiiiiiiiiiiibkkkkiiiiiiiiiiiiieeeeeeeebkkkiiiiiiiiiiieeeeeeeibbbbkiiiiiiiiiiieeeeeee
bird_4_020818_082708.8714.cbin,iiiiiibbbbbkkiiiiiiiiiiiiieeeeeeeebkkkkiiiiiiiiiiiiii
bird_4_020818_082716.8716.cbin,iiiiiiiiiiibbbbbbkkiiiiiiiiieeeeeeeebkkkiiiiiiiiiiiieeeeeeeebkkiiiiiiiiieeeeeeee
bird_4_020818_082734.8719.cbin,biiiiiiiiiibbbbbbkkkiiiiiiiiiiiieeeeeebkbbbbkkkiiiiiiiiieeeeeeeibkkiiiiiiiiiiiieeeeeebkkkkiiiiiiiiiiiiieeeeeeee
bird_4_020818_082812.8726.cbin,iiiiiiiiiiibbbbbiiiiiiiiiiiieeeeeeeeeebkkkkkiiiiiiiiiieeeeeeeebkkkiiiiiiiiiiiieeeeeee
bird_4_020818_082823.8727.cbin,iiiiiiiibbbbbkkkiiiiiiiiiieeeeeeeebkkbbbkkiiiiiiiiiiiiieeeeeee
bird_4_020818_082909.8737.cbin,biiiiiiiibbbbbbkkiiiiiiiiiiieeeeeeeeebkkkiiiiiiiiiiiiieeeeeeebkkkiiiiiiiiiiieeeeeeebkkiiiiiiiiiiiiiieeeeeeeeibbbbkkkiiiiiiiiiiiiiieeeeeee
bird_4_020818_083144.8754.cbin,iiiiiibbbbkkkiiiiiiiiiiiiiiieeeeeeeebkbbbbkiiiiiiiiiiiiieeeeeeebkkkiiiiiiiiiieeeeeeeebkkiiiiiiiiiieeeeeee
bird_4_020818_083159.8756.cbin,biiiiiiiiibbbbbkkiiiiiiiiiieeeeeebkkkiiiiiiiiiieeeeeeeebkkkiiiiiiiiiiiieeeeeee
bird_4_020818_083212.8757.cbin,bibbiiiiiiiiiiibbbbbbkkkiiiiiiiiiiiiiieeeeeeebkkiiiiiiiiiiiieeeeeee
bird_4_020818_083222.8758.cbin,iiibbbbkiiiiiiiiiieeeeeeebkkkkkiiiiiiiiiiiieeeeeebbkkkk
bird_4_020818_083240.8761.cbin,iiiiiiiiibbbbbbkkkiiiiiiiiiiiiiiieeeeebkkkkiiiiiiiieeeeeeebbkkkiieeeeeeebkkkiiiiiiiiiiiiieeeeee
bird_4_020818_083322.8769.cbin,iiiiiiiiiiiibbbbbkiiiiiiiiiiiiiieeeeeebkkkkkiiiiiiiiiiieeeeeeebkkkiiiiiiiieeeeeebkkkiiiiiiiiiiiieeeeee
bird_4_020818_083505.8786.cbin,iiiiiiiiiiibbbkiiiiiiiiiiiiiieeeeeeeebkkiiiiiiiiiiiibbbbbbkkkiiiiiiiiiiieeeeeeee
bird_4_020818_083646.8799.cbin,iiiiiiiiiibbbkkiiiiiiiiiiiiiieeeeeebkkiiiiiiiiiiiiiieeeeeeeebkkkiiiiiiiiiiiiieeeeee
bird_4_020818_083746.8812.cbin,iiiiiiiiiiibbbbkkkkkiiiiiiiiiiiieeeeeebbbbb
bird_4_020818_083920.8823.cbin,iiiiiiiiiiibbbbbbbbbbkkkiiieeeeeeee
bird_4_020818_083924.8824.cbin,bbbbbbkkkiiiiiiiiiiiiiieeeeeebkkiiiiiiiiiiiiieeeeeeee
bird_4_020818_084015.8830.cbin,iiiiiiiibbbbkkiiiiiiiiiiiiibbbbkkkkiiiiiiiiiiiiieeeeeeebkkiiiiiiiiiiieeeeeeebkkkkiiiiiiiiiiiieeeeeeee
bird_4_020818_084212.8849.cbin,iiiiiiiiiiiibbbbkkkkkiiiiiiiiiiiieeeeeeekkiiiiiiiiiiiieeeeeeeeebkkkkiiiiiiiiiieeeeeeeeibbbbkiiiiiiiiiieeeee
bird_4_020818_084232.8850.cbin,iiiiiibbbbbkkiiiiiiiiiiiiibbbbbkkkiiiiiiiiiiiieeeeeebkkkbbbbbbbkkkiiiiiiiiiieeeeeee
bird_4_020818_084246.8852.cbin,iiiiiiiiiiiibbbbbkkkiiiiiiiiiiiiieeeeeeeebkkiiieeeeeee
bird_4_020818_084301.8854.cbin,iiiiiiiibbbbbkkkiiiiiiiiieeeeebkkkkiiiiiiiiieeeeeeebkkbbbbbkkiiiiiiiiiiiibbbkkiiiiiiiiiiiiieeeeeeee
bird_4_020818_084520.8879.cbin,biibbbbbbkkkkkiiiiiiiiiiiiiiiiiiiiiieeeeeeeebkkkiiiiiiiiiiiiiieeeeeee
bird_4_020818_084912.8912.cbin,iiiiiiiibbbkiiiiiiiiiiiieeeeeeeeee
bird_4_020818_084918.8913.cbin,iiiibbbkiiiiiiiiiiiiieeeeeeeebkkkiiiiiiiiiiieeeeeeebkkkiiiiiiiiieeeeeeebkkkkiiiiiiiiiiiieeeeeee
bird_4_020818_085012.8922.cbin,iiiiiiiiiiibbkbbbbkkiiiiiiiiiiiiieeeeeeeeiibbbbkkkiiiiiiiiiiiieeeeeeekbkkiiiiiiiiiiiieeeeeee
bird_4_020818_085054.8928.cbin,iiiiiiiiibbbbkiiiiiiiiiiiieeeeeeeebkkkkiiiiiiiiiiiiieeeeee
bird_4_020818_085111.8930.cbin,iiiiiiiibbbbbkkkkiiiiiiiiiiiiieeeeeeieebkiiiiiiiiiieeeeebkkkiiiieeeeeeebkbbkiiibbbbkkiiiiiiiiiiiieeeeeee
bird_4_020818_085349.8960.cbin,iiiiiiiiiibbbkkiiiiiiiiiiiibbbbkkkiiiiiiiiiiieeeeeeeeebkbkkiiiiiiiiiiiiiiieeeeeebkiiiiiiiiiiiiiieeeeeeeeibbbbbkkkiiiiiiiiiiiieeeeeee
bird_4_020818_085417.8964.cbin,iiiibbbbbkkiiiiiiiiiiiibbbbbbkkiiiiiiiiiiiieeeeeebkiiiiiiiiiiiieeeeeeebkkkiiiiiiiiiiibbbbbkkiieeeeeeee
bird_4_020818_085440.8965.cbin,iiiiiibbbbbkkkiiiiiiiiiiiiiiiiiiiiiiiieeeeeeebkkkkiiiiiiiiiiiii
bird_4_020818_085454.8968.cbin,bbbiiiiiiiiibbbbbbkkkiiiiiiiieeeeeeebkkkkiiiiiiiiiie
bird_4_020818_085502.8969.cbin,iibbbbkkiiiiiiiiiieeeeeeeebkkkiiiiiiiiiiieeeeeeeebkkiiiiiiiiiiiieeeeeeibbikkiiiiiiiiiiiiieeeeee
bird_4_020818_085531.8974.cbin,iiiiiiibbbbkiiiiiiiiiiiiibbbbkkkkiiiiiiiiiiiiieeeeeeebkkkkiiiiiiiiiiiieeeeeee
bird_4_020818_085540.8975.cbin,iiiiiiibbbbbkkiiiiiiiiiiieeeeeeeebkbkkiiiiiiiiieeeeeeiibbbkkkiiiiiiiiiiieeeeebkkkiiiiiiiiiieeeeee
bird_4_020818_090035.9011.cbin,ibbkiiiiiiiiiiiiiibbbbbkiiiiiiiiiiiieeeeeeeebkkkiiiiiiiiiieeeeeeeebkkbbbbbbkkiiiiiiiiiiieeeeee
bird_4_020818_090336.9028.cbin,iiiiiiiiibbbkkkiiiiiiiiiiiiieeeeeeeeebkkkiiiiiiiiiiiiiiiiieeeeeeebbkbbbbbbbkiiiiiiiieeeeeeee
bird_4_020818_090732.9067.cbin,iiiiiibbbbkkiiiiiiiiiiiiiiieeeeeeeebkbbbbkkkiiiiiiiiiieeeeee
bird_4_020818_090904.9071.cbin,bbbbkkkkiiiiiiiiiieeeeeeeebkkkkiiiiiiiiiieeeeeee
bird_4_020818_092342.9133.cbin,bkkkkkiiiiiiiiiiiiieeeeeeeeebkkkiiiiiiiiiiiiieeeeeebkbbbbkkiiiiiiiiiiiibbbbiieeeeeeee
bird_4_020818_092434.9134.cbin,bbbbiiiiiiiiiiiiiibbbbkkkkkiiiiiiiiiiiiiieeeeeeeebkkkkiiiiiiiiiiieeeeeee
bird_4_020818_092443.9135.cbin,ibbbbbbbkiiiiiiiiiieeeeeeeebk
bird_4_020818_092737.9145.cbin,iiiibbbbbkiiiiiiiiiibbkkkiiiiiiiiiiieeeeeeeebkiiieeeeeeeeebkkkkkiiiiiiiiiiiieeeeeeebkbb
bird_4_020818_092754.9146.cbin,iiiiiiibbbbbbkkkkiiiiiiiiiiiiieeeeeeeebkkiiiiiiiiiiiieeeeeeebkbbbbbkiiiiiiiiieeeeeeeebkkiiieeeeee
bird_4_020818_092856.9150.cbin,iiiiiiiiiiiibbbbbkiiiiiiiiieeeeeeeeebbbbbiiiiiiiiiiiibbbbkiiiiiieeeeeeekkibbbkkiiiiiiiiiieeeeeeee
bird_4_020818_092932.9157.cbin,iiiiiiiiiiibbbbbbkiiiiiiiiieeeeeebbbbbbkkkiiiiiiiiii
bird_4_020818_092946.9160.cbin,iiiiiiiibbbbkkkiiiiiiiiiieeeeeeeeebkkiiiiiiiiiiiiieeeee
bird_4_020818_093143.9186.cbin,kkiiiiiiiiiiiiiiiiiiiieeeeeeeebkkiiiiiiiiiiiiieeeeeeeebkkiiiiiiiiiiiiieeeeeeebkkkbbbbbkkiiiiiiiiiiiiibbbbbkkiiieeeeeeeibbbbkiiiiiiiiiieeeeeeee
bird_4_020818_093247.9191.cbin,bkkiiiiiiiiiiiieeeeeebkkiiiiiiiiiiiiieeeeeeebkiiiiiiiiiiiieeeeeeebkbbbbbbkkiiiiiieeeeeee
bird_4_020818_094039.9228.cbin,iiiiiiiiiiiibbbbkkkiiiiiiiiiiiiiieeeeeeeeebkbbbbkkbbbbkiiiiiiiiiiiiieeeeeeee
bird_4_020818_094103.9231.cbin,iiiiiiiibbbbbiiiiiiiiiiiieeeeeeeebkkkiiiiiiiiiiieeeeeeeebbbbbbkkkiiiiiiiiieeeeee
bird_4_020818_094317.9252.cbin,iiiiiiibbbbkkkiiiiiiiiiiiiieeeeeeeebkkbbbbbkkiiiiiiiiiiieeeeeeebkkiiiiiiiiiiieeeeeeeiiibbbkkiiiiiiiiiiiiieeeeeeeebkkbbbbkiiiiiiiiiiiieeeeeee
bird_4_020818_094346.9253.cbin,iiiiiiiiiiiiibbbbbkkiiiiiiiiiiiiiiiiiieeeeeeebkkbbbbbbkkkibiiiiiiiiieeeeeeebkkkiiiiiiiiiiieeeeeee
bird_4_020818_094403.9254.cbin,iiiiiiiiibbbbbkiiiiiiiiiiiiieeeeeebkkiiiiiiiiiiieeeeeeeibbkkiiiiiiiiiieeeeeee
bird_4_020818_094703.9259.cbin,iiiiiiiiiiibbbbbiiiiiiiiibbbiieeeeeeeeebbiiiiiiiiieeeeeei
bird_4_020818_094709.9260.cbin,ibbbbkkkiiiiiiiiiiieeeeeeibbbbbkkiiiiiiiiiiiieeeeee
bird_4_020818_094719.9261.cbin,iiiiiiiiiiibbbkkiiiiiiiiiieeeeeeeebkkbbbb
bird_4_020818_094734.9262.cbin,iiiiiiiiibbbbkkkkiiiiiiiiiiiieeeeeeebkkiiieeeeeeeebbbbbbkkiiiiibbbbkkkkkkiiiiiiiiiiiiieeeeeeeibbbbkkkkiiiiiiiiiiiee
bird_4_020818_095037.9273.cbin,iiiiiiiiibbbbkkkiiiiiiiiiiiieeeeeeeeebkbbbbkiiiiiiiiiiiiiiieeeeeeebkkkiiiiiiiiiiieeeeeeeebkkiiiiiiiiiiiiieeeee
bird_4_020818_095050.9274.cbin,iiiiiiiibbbbkkkiiiiiiiiiiieeeeeeebkkkiiiiiiiiieeeeeeeiiiiibbbbkkiiiiiiiieeeeeee
bird_4_020818_095106.9276.cbin,iiiiiiiibbkkkkiiiiiiiiiiiiiieeeeeeebkkkiiiiiiiiieeeeeeebkkiiiiiiiiiieeeeeeeeeibbbbbkkiiiiiiiiiiiiiiiiiiieeeeeeee
bird_4_020818_095146.9280.cbin,iiiiiiiiiiiiiibbbbbbkkkiiiiiiiiiiiiieeeeeeeebkbbbkkbbbiieeeeeeeibbbbkkiiiiiiiiiiiieeeeeeeibkkkiiiiiiiiiiie
bird_4_020818_095200.9282.cbin,iiiiiiiiiibbbbbkkkiiiiiiiiiiiiieeeeeeebkkkiiiiiiiiiieeeeeeeibbbbkkiiiiiiiiiiieeeeeee
bird_4_020818_095218.9284.cbin,iiiiiiiiibbbbbkkkkiiiiiiiiiiiiiibbbbbkkiiieeeeeeebkkkiiiiiiiiiieeeeee
bird_4_020818_095547.9339.cbin,iiiiiiiiiiiibbbkiiiiiiiiiiiiiieeeeeeeeebkkiiiiiiiiiiiiiieeeeeeebkkkiiiiiiiiiiieeeeeebkbbbkiiiiiiiiieeeeeeeeibbbkiiiiiiiiiiieeeeee
bird_4_020818_095621.9341.cbin,iiiiiiiiiiibbbbbbbkkiiiiiiiiiiiiiikkkkiiiiiiiiiiieeeeeeeebkkkiiiiiiiiiiieeeeeeeeebkkiiiiiiiiiiiiieeeeeibbkkiiiiiiiiiieeeeeeibbbkiiiiiiiiiiieeeeeeee
bird_4_020818_100126.9377.cbin,iiiiiiiiibbbkiiiiiiiiiiiiiieeeeeeeebkbbbbbkkiiiiiiiiiiiiieeeeeeebkkiiiiiiiiiiiieeeeeeeee
bird_4_020818_100151.9379.cbin,ibbbbiiiiiiiiiiiiiiiiiiiiiiieeeeeeeebkbbbbkkiiiiiiiiiiiiiieeeeeebkkiiiiiiiiiiiieeeee
bird_4_020818_100920.9409.cbin,ibbbbbkkkkiiiiiiiiiiiiieeeeeeeeeebkkiiieeeeeeeebkbbbkkiiiiiiiiiiiiieeeeeeeebkkiiiiiiiiiiiiieeeeee
bird_4_020818_100944.9410.cbin,iiiibbbbbbkkkkiiiiiiiiiiiiiiiibbbkkkiiiiiiiiiiiiiieeeeeeeeebkkkkiiiiiiiiieeeeeebbbbbkkkiiiiiiiiiiiiieeeeeee
bird_4_020818_101158.9434.cbin,iiiiiiiiibbbbkiiieeeeeeeeeeebkkiiiiiiiiiieeeeeeebkkkiiiiiiiiiiiieeeeeeeeebkbbbbkiiiiiiiiiiieeeeeee
bird_4_020818_101221.9435.cbin,iiiiiiiibbbbbkkkiiiiiiiiiiiiiiieeeeeeeebkbbbbbkkiiiiiiiiiiiiieeeeeeeebkkbbbkiiiiiiiiiieeeeeeebbbbbbbkiiieeeeeeeeibbbbbkkiiiiiiiiiieeeeee
bird_4_020818_101326.9438.cbin,iiiiiiiiiibbbkiiiiiiiieeeeeeebkiiiiiiiiiiiibbbbbkkkkiiiiiiiiiiiieeeeeeeebkkkkiiiiiiiiiieeeeeeee
bird_4_020818_101542.9463.cbin,iiiiiiiiiiiibbbbkkiiiiiiiiiiiiiieeeeeeeebkkiiiiiiiiiiiiiieeeeeeee
bird_4_020818_101552.9464.cbin,iiiiiibbbikkiiiiiiiiiiieeeeeeeebkkkbbbbbkkkiiiiiiiiiiieeeeeeeee
bird_4_020818_101610.9467.cbin,iiiiiiiiibbbbkkiiiiiiiiiiiiiiiiiiiiiiiiieeeeeeeeebkkkiiiiiiiiiiiiiieeeeee
bird_4_020818_101707.9476.cbin,iiiiiiiiiiiibbbbbkiiiiiiiiiiiibbbkiiiiiiiiieeeeeeeebkkkibiiiiiiieeeeeeeebbbbkkiiiiiiiiiiiiieeeeeeee
bird_4_020818_101735.9479.cbin,iiiiiiiiiibkkkkiiiiiiiiiiiieeeeeeeeebkkiiiiiiiiiiiiibbbbbbkkiiiiiiiiiiiieeeeeeeibbbkiiiiiiiiiiiiiieeeeeeeibbekiiiiiiiiiiiiieeeeeee
bird_4_020818_101949.9502.cbin,iiibbbkkiiiiiiiiiiiieeeeeeeebkkiiiiiiiiiiieeeeeeeee
bird_4_020818_102009.9506.cbin,iiiiiibbbbbkkiiiiiiiiiiiiiiiiiiiiieeeeeeeeebkkkiiiiiiiiiiiiieeeeeeeeebkbbbbbkiiiiiiiiiiiiiieeeeeeebkbbbbkiiiiiiiiiiieeeeee
bird_4_020818_102215.9532.cbin,iiiiiiiiiiiibbbbkbkkiiiiiiiiiiiiiieeeeeeeebkkiiiiiiiiiiiiiieeeeeeebkbbbbbkkkkiiiiiiiiiiiiieeeeeeee
bird_4_020818_102235.9533.cbin,iiiiiiiiibbbbbbkkkiiiiiiiiiiiiiibbbbkkkiiiiiiiiiiiiieeeeeeeebkbbbbkkkiiiiiiiiiiiiiibbbbkkkiiieeeeeeebkkiiiiiiiiiiieeeeee
bird_4_020818_102323.9534.cbin,iiiiiiiiiiiibbbbbkiiiiiiiiiiiiiiieeeeeeeebkkbiiiiiiiiiiieeeeeeebbbbkkkiiiiiiiiiiiiiiieeeeeeeeibbbbkbbbbbbbkkkiiiiiiiiiiiieeeeeebbbkkkiiiiiiiiiiieeeeeeeebkkkiiiiiiiiiiieeeeeibbbkiiiiieeeeeeee
bird_4_020818_103352.9571.cbin,iiiiiiibbkiiiiiiiiiiiiiiiiiiiiiiiiibbbkiieeeeeeeeebkkkiiiiiiiiiiibbiikkiiieeeeeeeeeebkiiiiiiiiiibbbbbkkbbbbkkkiiiiiiiiiiiiieeeeeeebkbbbbkkkiiiiiiiiiiiii
bird_4_020818_104044.9592.cbin,iiiiibbbbkiieeeeeeeeebkkkkiiiiiiiiiiiieeeeeeeebkkiiiiiiiiiiiieeeeeeeebbbbbbiiiiiiiiiiiiiieeeeeebkbbkiiiiiiiiiiiiiiiieeeeeeebkbbbbbkkiiiiiiiiiiiiieeeee
bird_4_020818_104342.9618.cbin,ibbbbkkkiiiiiiiiiiiiiieeeeeeeeebbbbbkkkkieeeeeeeeebkkiiiiiiiiiiiiiieeeeeeeibbbbkbkkiiiiiiiiiieeeeeeeiibibkkkiiiiiiiiiiiiieeeeeee
bird_4_020818_104407.9620.cbin,iiiiiiiiibbbbkiiiiiiiiiiiieeeeeeeebkkkkiiiiiiiiiiiiieeeeeeeeebkkkiibiiiiiiiiiieeeeeeee
bird_4_020818_104535.9636.cbin,iiibbbbbkiiiiiiiiiiiiibbbbkkkkiiiiiiiiiiiiiieeeeeee
bird_4_020818_104546.9637.cbin,iiiiiiiiiiibbbkkiiiiiiiiiiiiieeeeeeeebkkkiiiiiiiiiiiiiieeeeeeibbbbkkiiiiiiiiiiiiiieeeeeeebkkbbbbkiiiiiiiiiii
bird_4_020818_104618.9638.cbin,iiiiiiiiibbbbbiiiiiiiiiiiiiiiiiiiiiiiiiiieeeeeeeebkiiiiiiiiiiiieeeeeeeeebkkbbbkkkkiiiiiiiiiiiiieeeeeeeeebkbbbbbkkiiiiiiiiiiiieeeeeeeee
bird_4_020818_104717.9639.cbin,iiiiiiiiiibbbbbbkkkiiiiiiiiiiiiiiieeeeeeebkbbbbiiieeeeeeebkkkkiiiiiiiiiiiiiieeeeeeeeebkiiiiiiiiiiie
bird_4_020818_104755.9640.cbin,iiiiiiibbbbbkiiiiiiiiiiieeeeeeeeebkkiiiiiiiiiiiiiiibkbbbbkiiiiiiiiiiiiieeeeeeeebkkkiiiiiiiiiiiieeeeeebkkiiiiiiiiiiiieeeeeekbkkiiieeeeeeee
bird_4_020818_104809.9641.cbin,ibbbbbkiiiiiiiiiiieeeeeeebkkiiiiiiiiiiiiieeeeeeeeibbebbkkkiiiiiiiiiiiiiieeeeeee
bird_4_020818_105131.9660.cbin,iiiiiiiiiibbbbkiiiiiiiiiiiiiieeeeeeeeeebkiiieeeeeeee
bird_4_020818_105142.9661.cbin,iiiiiiiibbbkkiiiiiiiiiiiiieeeeeeeebkkbbbbbbkkiiiiiiiiiiiiieeeeeeeebkkiiiiiiiiiiiiiieeeeeeebkkbbbbbbkiiiiiiiiiiieeeeeeee
bird_4_020818_105204.9664.cbin,iiiiiiiiiiibbbbbkkkiiiiiiiiiiiiiiiiiiiiibbbbbbkkkiiiiiiiiiiiiieeeeeeeeebkkkkiiiiiiiiiiiiiieeeeeeibbbkkiiiiiiiiiiiiieeeeeeee
bird_4_020818_105244.9670.cbin,iiiiiiiibbbbbbkiiiiiiiiiiiiiiiibbbkkkiiiiiiiiiiiiieeeeeeeee
bird_4_020818_105441.9692.cbin,ibbbkiiikkkkiiiiiiiiiiiieeeeeeeeebkkiiiiiiiiiiiiieeeeeebkbbkkkiiiiiiiiiiiiiieeeeeeeebkkkiiiiiiiiiiiiieeeeeeebbbbbbkiiiiiiiiiiieeeeee
bird_4_020818_105515.9696.cbin,iiiiiiiiiibbbbbbkkkiiiiiiiiiiiiiieeeeeeeeeebkbbbbbkkiiiiiiiiiiieeeeeeebkkiiiiiiiiiiiiiieeeeeeeeebbbkiiiiiiiiiiiiiibbbbbkkkiiiiiiiiiiiiieeeeee
bird_4_020818_105600.9702.cbin,iiiiiiiiiiibbbbkkkkiiiiiiiiiiieeeeeeeebkkbbbbkkiiiiiiiiiiieeeeeeeebkkiiiiiiiiiiiibbkkkiiieeeeeeebkkiiiiiiiiieeeeeeebkkkiiiiiiiiiiieeeeeee
bird_4_020818_105644.9703.cbin,iiiiiiiiiiiibbbbbkkiiiiiiiiiiiiiiiiiiiiieeeeeeeebkkkiiiiiiiiiiiiieeeeeeebkkiiiiiiiiiiieeeeeeebkbbbbbkkiiiiiiiiiiieeeeeeee
bird_4_020818_105656.9704.cbin,ibbbkkiiiiiiiiiiiiieeeeeebkkkkiiiiiiiiiiiiieeeeeeeeee
bird_4_020818_112757.9773.cbin,iiiiiiiiiiibbbbkiieeeeeeeeeebkkiieeeeeeeebkiieeeeeee
bird_4_020818_112815.9776.cbin,iiiiiiiibbbbkkiiiiiiiiiiiiieeeeeeeebkiiieeeeeeeebkk
bird_4_020818_113156.9808.cbin,iiiiibbiiiiiiiiiiiiiiiibbbkiiieeeeeeeeebkkiiiiiiiiiiiiiiiiiiiiiiieeeeeeeee
bird_4_020818_113357.9837.cbin,iiibbbbkkkiiiiiiiiiiiiiibebkkiiieeeeeeeeeeebkkkiiiiiiiiiiiieeeeeeeebkibbbkeekbbbbkiiiiiiiiiiiieeeeeebk
bird_4_020818_113422.9838.cbin,iiiiiiiiiiiiibbbkiiiiiiiiiiiiieeeeeeebkkkiiikeeeeeeeebbbbkkiiiiiiiiiiiiiieeeeeee
bird_4_020818_113430.9839.cbin,ibbebkkkiiiiiiiiiiiiieeeeebbbbkkkiiiiiiiiieeeeeee
bird_4_020818_113444.9841.cbin,iiiiiiiiiibbbbbbkkiiiiiiiiiiiiieeeeeeebkkiiiiiiiiiiiiiieeeeeeebkkkiiiiiiiiiiiiieeeeeeeibbbkiiieeeeee
bird_4_020818_113634.9847.cbin,iiiiibbbbbbkkiiiiiiiiiiiiiiieeeeeeeebkkiiiiiiiiiiiiiiieeeeeeeeeebiiiiiiiiiiiiie
bird_4_020818_113650.9848.cbin,iiiiiiiibbbbbkkkiiiiiiiiiiiiieeeeeeeebkkiiiiiiiiiiiiebbbbkkiieeeeeeeeeebkbbbbbbkkiiiiiiiiiiiiiiieeeee
bird_4_020818_113730.9853.cbin,iiiiiiiiiibbbbbbbiiiiiiiiiiiiibbbkkkiiiiiiiiiiiieeeeeeeebkkkiiiiiiiiiiiiieeeeeebkkbbbbbbbkkkiiiiiiiiiii
bird_4_020818_113933.9877.cbin,iiiibbbbkkiiiiiiiiiiiiibbkkiiieeeeeeeebbbbkkiiiiiiiiiiiiibbbbbiiiiiiiiiieeeeeeeebkkiiiiiiiiiiiieeeeeeeeee
bird_4_020818_114014.9882.cbin,iiiiiiiiibbbbkiiiiiiiiiiiiibbbkkiiiiiiiiiiiiiieeeeeeeebkkiiiiiiiiiiiiieeeeeeeeebkkiiiiiiiiiiiiieeeeeeeebkkiibkiiiiiiieeeeeee
bird_4_020818_114451.9895.cbin,iibbbbbbbkiiieeeeeeeebkkiiiiiiiiiiiiiiieeeeeeeebkbbbbiiiiiiiiiiiieeeeeeeeiiiiiiiiiiieeeeeeebkiiiiiiiiiiiibbbbbbkiiiiiiiiiiee
bird_4_020818_114948.9920.cbin,iiiiiiiiiibbbbkkiiiiiiiiiiiiiieeeeeeeeeebkkiiiiiiiiiieeeeeee
bird_4_020818_115103.9933.cbin,bbbbbbkiiiiiiiiiiiiiibbbkiiiiiiiiiiiiieeeeeeeee
bird_4_020818_115125.9940.cbin,bbbbkkkiiiiiiiiiiieeeeeeebkkiiiiiiiiiiiiiibbbbbbbiiiiiiiiiiiiieeeeeeeeee
bird_4_020818_115417.9972.cbin,iiiiiiiiibbbkkiiiiiiiiiiiiiiiiiiiieeeeeeeeeeebk
bird_4_020818_115507.9987.cbin,iiiiibbbkkiiiiiiiiiiiiiiiieeeeeeeeeiiieeeeeeeebkkkiiiiiiiiiiiiiiiieeeeeeebk
bird_4_020818_115529.9990.cbin,iiiiiiiibbbbkkiiiiiiiiiiiiibbekkkiiieeeeeeeeeebkkiiiiiiiiiieeeeeebbbbb
bird_4_020818_120417.10054.cbin,iiiiiiiibbbkiiiiiiiiiiiieeeeeeeeeebkkiiiiiiiiiiiiieeeeeeeebbbkkkiiiiiiiiiiiiiii
bird_4_020818_120736.10093.cbin,ibiiiiiiiiiibbbbkkiieeeeeeeeebkkiiiiiiiiiiiiieeeeeeeebkkiiiiiiiiiiiiibbbbiieeeeeeeebiieeeeee
bird_4_020818_120753.10096.cbin,iiiiiiiiibbbbkkiiiiiiiiiiiiiieeeeeeeeeebkkiiiiiiiiiiiiiieeeeeeeebkiii
bird_4_020818_120810.10097.cbin,iiiiiiiiiiibbbbbbkkkiiiiiiiiiiiiieeeeeeebkkbbbbkkiiiiiiiiiiiiiieeeeeeebkkbbbbkkiiiiiiiiieeeeeeeebkkkkiiiiiiiiiiibbbkkbbiiiiiiiiiiiii
bird_4_020818_120825.10098.cbin,bbbbbkkiiiiiiiiiieeeeeeeebkkkiiiiiiiiiiiieeeee
bird_4_020818_120847.10101.cbin,iiiiiiiiiibbbbkiiiiiiiiiiiiieeeeeeeebkkkiiiiiiiiiiiiiieeeeeebbbbbbbkkkiiiiiiiiiiiiiieeeeeeeebkkiiiiiiiiiiieeeeeeeeibbbbkiiiiibbkkiiiiiiiiiiiieeeeeeeee
bird_4_020818_120917.10102.cbin,iiiiiibbbbbbkkkkiiiiiiiiiiiieeeeeeeeebkbbbbkkiiiiiiiiiiiieeeeeeebkkiiiiiiiiiiiiiieeeeeeebkkiieeeeeee
bird_4_020818_121012.10103.cbin,iiiiiiiiiibbbbbbkiiiiiiiiiiiiibbbbbkiiiiiiiiiiiiieeeeeeeeeebkkkiiiiiiiiiiiiieeeeeeeebkkkiiiiiiiiikieeeeeee
bird_4_020818_121639.10105.cbin,iiiiiiiiiibbkiiieeeeeeeeeebbbbbkiiiiiiiiiiiiiieeeeeeee
bird_4_020818_121938.10128.cbin,iiiiiiiiiiibbbkkkiiiiiiiiiiiiieeeeeeeeeeebkkiiiiiiiiiiiiiiieeeeeeeebkkiiiiiiiiiiiiiiiieeeeeeeebkkkiiiiiiiiiiieeeeeeeeeibbbbkkkkiiiiiiiiiieeeeeeebkbbbkkiiiiiiiieeeeeeee
bird_4_020818_122156.10152.cbin,iiiiiiiiiiibbbbkkkkiiieeeeeeeeeebkkkiiieeeeeeebkkiiiiieeeeeeebkbbbkkiiiiiiiiiiiiiiiieeeeeeeee
bird_4_020818_122215.10155.cbin,ibbiiiiiiiiiiibbbbkkiiiiiiiieeeeeeeikkkkiieeeeeeeebkkkiiiiieeeeeeeebkbbbbekk
bird_4_020818_122234.10158.cbin,iiiiiiiiiibbbbkkiiiiiiiiiiibbbbbbbkkkkkiiiiiiiiieeeeeeeee
bird_4_020818_122241.10159.cbin,iiiiiibbbbkkiiiiiiiiiiieeeeeeeebkkkkiieeeeeeeee
bird_4_020818_122619.10201.cbin,iiiiiiiiiibbbkkiiiiiiiiiiiiieeeeeeeeeeeebkiiieeeeeebbbbbbbkkkiiiiiiiiiiiiieeeeeeeebk
bird_4_020818_122636.10205.cbin,iiiiibbbbkkiiiiiiiiiiiiieeeeeeeebkkkkiiiiiiiiiiiiieeeeeeeeebkkiiiiiiiiiiiiieeeeeeeeibbbbbbbkkkbiiiiiiiiiiiieeeeeee
bird_4_020818_122649.10206.cbin,ibbbbkkkiiiiiiiiiiiieeeeeeebkkkiiiiiiiiiiiiieeeeeee
bird_4_020818_122715.10208.cbin,iiiiiiiiibbbbbbbkiiiiiiiiiiiiiiibbkkkkiiiiiiiiiiiiieeeeeeeebkiiiiiiiiiiieeeeeeebkkiieeeeeebkbbbbkkkiiikeeeeeee
bird_4_020818_122727.10209.cbin,ibbbbbbkiiiiiiiiiiiieeeeeeebbkkkkiiiiiiiiiiiieeeeeeee
bird_4_020818_124120.10275.cbin,iiiiiibbbiiiiiiiiiiiiiibiiieeeeeeeeeiiieeeeeeeeebkiiiiiiiiieeeeeeeiiiiibbbkkkiiiiiiiiiieeeeeeebbbbbkkkiiiiiiiiiiieeeeeeeeeebbbbbkkiii
bird_4_020818_124930.10288.cbin,ibbbbbkkkiiiiiiiiiiiiiiiiieeeeeeeeebkbbbbbkiiiiiiiiiiiiiieeeeeeeebkkkiiiiiiiiiiiiieeeeeeeeebkkbbbbbiiiiiiiiiiiiiieeeeeeeebkkiiieeeeeee
bird_4_020818_125000.10290.cbin,iiiiiiiiibbbbbkkiiiiiiiiiiiiiiiiiiiiiiiiiiiiiiieeeeeeeeeebkbbbbiiieeeeeeeebbbbbbbkkkiiieeeeeeeebbbbbbkkiiiiiiiiiiiiiiiieeeeeeeeebkkkbbbbbkkk
bird_4_020818_125029.10292.cbin,iiiiiiiiibbbbkkkiiiiiiiiiiiiiieeeeeeebkiiiiiiiiiiiiibbbbbkkiiiiiiiiiiiiieeeeeeeebbbbkiiiiiiiiiiieeeeeeebkkiiiiiiiiiiiieeeeeeeebbbkkiiieeeeeebbkbbbbkiiiiiiiiiibbbbbkkiiiieeeeeeeee
bird_4_020818_125716.10363.cbin,iiiibbbbbiiieeeeeeeeebbbbiiiiiiiiiiiieeeeeeeeebkiiiiiiiiiiiiiieeeeeeeeebkiiiiiiiiiiibbbkkiiieeeeeeee
bird_4_020818_125747.10365.cbin,iiiiiiiiiiiiiibbbbbbbkiiiiiiiiiiiiiieeeeeeeeebkkiiiiiiiiiiiiieeeeeeebkbbbbiiiiiiiiiiieeeeeeeebkkkiiiiiiiiiieeeeeee
bird_4_020818_125816.10368.cbin,iiiiiiiiiiibbbbbbbkkiiiiiiiiiiiiiibbbbbkkiiiiiiiiiiiiieeeeeeeeebkbbbkkiiieeeeeeeebkkiiiiiiiiiiii
bird_4_020818_125826.10369.cbin,ibbbbkkiiiiiiiiiiiiieeeeeeeeebkkkiiiiiiiiiiiiiibbbbbkkbiiiiiiiiiiiieeeeee
bird_4_020818_132111.10448.cbin,iibiibbbbbbkkiiiiiiiiiiiiiiibbbkkiiiiiiiiiiiiieeeeeeeeee
bird_4_020818_132130.10449.cbin,iiiiiiiibbbbkkiiiiiiiiiiiiiieeeeeeeeebkkiiiiiiiiiiiiii
bird_4_020818_132138.10450.cbin,ibbbbbkiiiiiiiiiiiieeeeeeebkkiiiiiiiiiiiieeeeeeeeebkkiiiiiiiiiiiiiiiiiiiieeeeeeeeebkbbbbbkkiiiiiiiiiiiieeeeeeeee
bird_4_020818_132227.10452.cbin,iiiiiiiiiiibbbbbbkkiiiiiiiiiiiiieeeeeeeebkkkiiiiiiiiiiiiiieeeeeeeeebkbbbbkkiiiiiiiiiiieeeeeeeeebkbbbbbbkkiiiiiiiiiiiiieeeeee
bird_4_020818_133229.10463.cbin,iiiiiiiiiiiiibbbkkkkiiiiiiiiiiiiiiiieeeeeeeeeeeebbbbbbkkiiiiiiiiiiiiiiieeeee
bird_4_020818_134034.10521.cbin,iiiibbbbbkiiiiiiiiiiiiiieeeeeeeebkk
bird_4_020818_134044.10523.cbin,iiiiiiiiibbbiiiiiiiiiiiiiieeeeeeeebkkbbbbkkiiiiiiiiiiieeeeeeeeebkkkkiiiiiiiiiiiiiieeeeeeeebbbbkkiiiiiiiiiiieeeeeee
bird_4_020818_134103.10524.cbin,iiiiiiiiibebbbbkkkiiiiiiiiiiiiiieeeeeebkkkiiiiiiiiiiiiieeeeeeeebkkkiiiiiiiiiiiiieeeeeee
bird_4_020818_134113.10526.cbin,iiiiibbbbkkkiiiiiiiiiiiieeeeeeeeebkkbbbbbbbbbkkiiiiiiiiiieeeeeeeibbbkkkiiiiiiiiiiiiieeeeeeeee
bird_4_020818_134219.10527.cbin,iiiiiiiiiiibbbbiiiiiiiiiiibbkkkiiieeeeeeeeebkbbbbbkiiieeeeeeebkkkiiiiiiiiiiiiieeeeeeee
bird_4_020818_134820.10546.cbin,iiiiiiiiiibbbbbiiiieeeeeeeeebiiiiiiiiiiiiiiieeeeeeeebbbbbkkkiiiiiiiiiiiiiiieeeeeeebkkk
bird_4_020818_134834.10547.cbin,iiiiiiiiibbbkkkiiiiiiiiiiiiiieeeeeeeebkkiiiiiiiiiiiiieeeeeebkkkkbbbbbbbbkkkiiiiiiiiiiiieeeeeeee
bird_4_020818_134850.10548.cbin,iiiiiiiiiiibbbbbbkkkkiiiiiiiiiiiieeeeeeeebkkiiiiiiiiiiiiieee
bird_4_020818_134856.10549.cbin,bbbbbbbkkkiibiiiiiiiiiieeeeeeebkkkiiiiiiiiiiiieeeeeeeibbbkkkkbbbkkiiiiiiiiiiiiibbbbk
bird_4_020818_134932.10553.cbin,iiiiiiiiiiibbbbbkkkiiiiiiiiiiiiiiibbbbkkkkiiiiiiiiiiiiieeeeeeeeeeeibbbbkkiiiiiiiiieeeeeeebbbkkiiiiiiiiieeeeeeee
bird_4_020818_134951.10554.cbin,iiiiiiiiiiibbbbbbkkkiiiiiiiiiiieeeeeeeebkkiiieeeeeeebkkiiiiiiiiiiieeeeeeebbbbbkiiiiiiiiiieeeeeee
bird_4_020818_135017.10555.cbin,iiiiiiiiiiiibbbbbbkiiiiiiiiiiiieeeeeeeebkkiiiiiiiiiiiiiieeeeeeeebkkkiiiiiiiiiiiiieeee
bird_4_020818_135026.10556.cbin,iiiiibbbbbkkiiiiiiiiiiiiieeeeeeeebkkiiiiiiiiiiieeeeeeebkbbbkkkiiieeeeeeebkkkbbbbbkkiiiiiiiiiiiieeeeeee
bird_4_020818_135631.10587.cbin,iiiiiiiiibbbbkkiiiiiiiiiiiiiibbbbkkiieeeeeeeeeeeebkkkiiiiieeeeeeebbbbbkkkkiiiiiiiiiiiiiieeeeeeeeibbbbkkiiiiiiiiiiiieeeeeeebkbbbbbikkiiiieeeeeeeeebk
bird_4_020818_135657.10588.cbin,iiiiiiiiibbbbbkkkiiiiiiiiiiiiieeeeeeeebkkiiiiiiiiiiiiiieeeeeeeebkiiiiiiiiiiiiiieeeeeebkkiiiiiiiiiiiiieeeeeeibbbkkiiiiiiiiiiiieeeeeeeee
bird_4_020818_135716.10590.cbin,iiiiiiiiiibbbbbbkkkkiiiiiiiiiiiibbbbkkkiiiiiiiiiiiieeeeeeeebkkiibbbbbkiiiiiiiiiiiieeeeeeeibbbbkkkiiiiiiiiiiieeeeeee
bird_4_020818_140301.10615.cbin,iiiiiiibbbbkkiiiiiiiiiiiiiiieeeeeeeeeeeebiiiiiiiiiiiiieeeeeeeebkbbbbkbbbkkiiiiiiiiiiieeeeeeeebbbbbkkkiiiiiiiiiieeeeeeeeibbbbkkkiiiiiiiiiiiieeeeeee
bird_4_020818_140335.10617.cbin,iiibbbkkiieeeeeeebbbbkiiiiiiiiiiiiieeeeeeebkkkiiieeeeeeeebkbbbbbkkkkiiiiiiiiiiiiieeeeeeeebkkiiieeeeeee
bird_4_020818_140816.10641.cbin,iiiiiiiiiibbbkkkkiiiiiiiiiiiiiieeeeeeeeebkbibbkkiiiiiiiiiiiiiieeeeeeee
bird_4_020818_140823.10642.cbin,ibbebbkkkiiiiiiiiiiiieeeeeeeebkiiiiiiiiiieeeeee
bird_4_020818_140918.10655.cbin,iiiiiiiiiiibbbbbbkkkiiiiiiiiiiiiiieeeeeeeebkbbbbkkbbbbkkkkiiiiiiiiiiieeeeeeeebkkkiiiiiiiiiiiiieeeeeeebkkiiii
bird_4_020818_140930.10656.cbin,bkkiiiibbbbbbkiiiiiiiiiiiiieeeeeeeebkkkiiiiiiiiieeeeeee
bird_4_020818_140945.10661.cbin,iiiiiiiiiiibbbbbbkkkiiiiiiiiiiiiieeeeeebkkkiiiiiiiiiiieeeeeebkkkiiiiiiiiiiiiieeeeeebkkkbbbbbbkiiiiiiiiiiiiieibbbbkkkkiiiiiiiiiiiiieeeeeeeebkkkiiiiiiiiiiiiieeeeeeibbbbkkkiiiiiiiiiiiii
bird_4_020818_141020.10662.cbin,iiiiiiiiiiiibbbbbbbkkkkiiiiiiiiiieeeeeeebkiiibbbbkkiiiiiiiiiiiiiibbbbkkkkiiiiiiiiiieeeeeeeeebkkbbbbbbkkkkkiiiiiiiiiiieeeeeeeee
bird_4_020818_142316.10719.cbin,bbbbkkiiiiiiiiiiiieeeeeeeeeebkkkiiiiiiiiiiieeeeeeebkkiiiieeeeeeeeebkkiiieeeeeeeebbbeiekbbbbbkkiiiiiiiiiiiieeeeeeeebbbbbkkiiiiiiiiiieeeeeee
bird_4_020818_142405.10720.cbin,iiiiiiiiibbbbiiiiiiiiiiiiieeeeeeeeebkkiiiiiiiiiiiiiibbbbkiiiiiiiiiiiiieeeeeeeeebkkkiiiiiiiiiiiiiibbkkkiiiiiiiiiiiiibbbbkkkiiiiiiiiiiieeeeeeee
bird_4_020818_142419.10721.cbin,ibbbbbkkiiiiiiiiiiiiieeeeeebkkiiiiiiiiiiiiieeeeee
bird_4_020818_143026.10751.cbin,iiiiiiiiiibbkiiiiiiiiiiiiibbbkiiiiiiiiiiiiiieeeeeeeebbbbbbkiiieeeeeeebkkiiiiiiiiiiiii
bird_4_020818_143046.10754.cbin,ibbbbkkkiiiiiiiiiiiiieeeeeebkbbbbbbkiiiiiiiiiiiiiee
bird_4_020818_143112.10758.cbin,iiiiiiiiiiibbbbbkkiiiiiiiiiiiiiiiieeeeeebkbbkkkkbiieeeeeeebkki
bird_4_020818_143143.10761.cbin,iiiiiiiiiibbbbbkkiiiiiiiiiiiiiiiibbbkiiikbkkiiiiiiiiiiiiiibbbbkkiiieeeeeeeebkkiiiiiiiiiiiiiieeeeeee
bird_4_020818_143650.10799.cbin,bbbbkkiiiiiiiiiiiiiiieeeeeeeeeebkkkiiiiiiiiiieeeeeee
bird_4_020818_143657.10800.cbin,ibbbbkkiiiiiiiiiiiiiieeeeeeeeiiiiiiiiiiiiiiieeeeeeeeibbbbiiiiiiiiiiiiiiieeeeeee
bird_4_020818_143739.10808.cbin,iiiiiiiiiiiibbbbkkiiiiiiiiiiieeeeeeeebkkkiiieeeeeeeeeeebkkiiiiiiiiieeeeeeebkebbbbbbkkiiiiiiiiiiieeeeeeebb
bird_4_020818_143759.10810.cbin,iiiiiiiiiibbbbbkkiiiiiiiiiiiiieeeeeeeebkkkiiiiiiiiiiiiieeeeeeei
bird_4_020818_143823.10814.cbin,iiiiiiibbbbbkkiiiiiiiiiiieeeeeeebkkiiiiiiiiiiiieeeeeeeeeebkbbbiiiiiiiiiiiieeeeeebkkkbbbkkkiiiiiiiiiieeeeeee
bird_4_020818_144247.10836.cbin,iiiiiiiiiiiibbbbiiiiiiiiiiiiiieeeeeeeeeebkkiiiiiiiiiiiiiiieeeeeebkiiiiiiiiiiiieeeeeeeebkiiiiiiiiiiieeeeeibbkiiiiiiiieeeeeee
bird_4_020818_144304.10837.cbin,iiiiibbbbbkiiiiiiiiiiiiiiiiiiiiiiieeeeeeeeebbbbbbbkkkkiiiiiiiiiieeee
bird_4_020818_144313.10838.cbin,ibbbbkkkkiiiiiiiiiiiiieeeeeeebkkkkiiiiiiiiiiiiieeeeeeeeebkkiiieeeeeeeibbbbkkkiiiiiiiiiiiieeeeee
bird_4_020818_144356.10839.cbin,iiiiiiiibbbbbkiiiieeeeeeeeebkiiiiiiiiiiiiiiibbbbkkiiiiiiiiiiiiieeeeeeeeeb
bird_4_020818_144403.10840.cbin,bbkkkiiiiiiiiiiieeeeeeeeebkkiiiiiiiiiiiiiieeeeeebbbkbbbkiiiiiiiiiiieeeeeeeeibbbbkkkiiiiiiiiiiiie
bird_4_020818_144845.10870.cbin,ibbbbbkkiiiiiiiiiiiiiibbkkiieeeeeeeeeebkkiiiiiiiiiiiiiieeeeeeebbbbbkiiiiiiiiiiieeeeeeeebkkiiiiiiiiiiiiibbbbbkkiiiiiiiiiiieeeeeeebbibkbbkkkkiieeeeeeee
bird_4_020818_144919.10871.cbin,iiiiiiiiiiiibbbbbbkiiiiiiiiiiieeeeeeeebkkiieeeeeee
bird_4_020818_144929.10872.cbin,iiiiiiiibbbbkkkkiiiiiiiiiiiiiiieeeeeeeeebkkkiiibbbbkiibbkkiiiiiiiiiiiiieeeeeeeebkbbbbbbkkkbiiiiiiiieeeeeeeebkkkiiiiiiiiiiiieeeeeeee
bird_4_020818_145551.10903.cbin,iiiiiiibbbbiiiiiiiiiiiiiiibbbiiiiiiiiiiiiiieeeeeeeeeeeebkkbbbiiiiiiiiiiiiiiieeeeeeeebkiiieeeeeebkkiiieeeeeeee
bird_4_020818_145604.10904.cbin,iiibbbbbbkkkiiiiiiiiiieeeeeeebkbbbkkiiiiiiiiiiieeeeeeeee
bird_4_020818_145954.10912.cbin,iiiiiiiiiibbbkiiieeeeeeeeeebbkiieeeeeeee
bird_4_020818_150242.10941.cbin,ibbbkkiiiiiiiiiiiiibbkkiiiiiiiiiiiiieeeeeeeeebkkiiieeeeeeebkkiiiiiiiiiiiiieeeeeeebbbbbkkkbbbkkkiiiiiiiieeeeeeebk
bird_4_020818_150335.10948.cbin,iiiiiiiiiiiibbbbkkkiiiiiiiiiiiiiiiieeeeeeeeeebkkiiiiiiiiiiiibbbkkiiiiiiiiiiiiieeeeeeeebkkiiiiiiiiiii
bird_4_020818_151610.10986.cbin,iiibbbbiiiiiiiiiiiiieeeeeeeeebkiiiiiiiiiiiiiieeeeeebbbbkkkiiiiiiiiiiiiiiieeeeeeeebkkiiiiiiiiiiiiieeeeeeeee
bird_4_020818_151628.10987.cbin,iiiiiiiiiiiibbbbkkkkiiiiiiiiiiiieeeeeeebkkkiieeeeeeeebk
bird_4_020818_151641.10988.cbin,iiiiiiibbbbbkkkiiiiiiiiiiiiieeeeeeebkkiiiiiiiiiiiiieeeeeeeebkkiiiiiiiiiiiiieeeeeee
bird_4_020818_151716.10990.cbin,iiiiibbbbbbkkiiiieeeeeeeeebkkkiiiiiiiieeeeeeeebbbbbbkkkkiiiiieeeeeeeebkbbbbbkkiiiieeeee
bird_4_020818_152147.11016.cbin,iiiiiiiibbbbkbkiiiiiiiiiiiiiieeeeeeeeeeebkiiiiiiiiiiiiieeeeeeebkiiiiiiiiiiiiibbbbbkkkkiiiiiiiiiiieeeeeeebkkbbbbkkiiiiiiiiiiiieeeeeee
bird_4_020818_152238.11017.cbin,iiiiiiiiiibbbbbiiiiiiiiiiibiiiiiiiiiiiiiiiieeeeeeeebbbbbbbbkkkiiiiiiiiiiiieeeeeeeeee
bird_4_020818_152300.11018.cbin,iiiiiiiiibbbbbkkiiiiiiiiiiiibiiieeeeeeeebkkkiiiiiiiiiiiiieeeeeebkbbbbkiiieeeeeeeeeebkkiiiiiiiiiiiiiieeeeeeeebkbbbbbbkkiiiiiiiiiiiiieeeeeeebbbkiiiiiiiiiieeeeeeeeee
bird_4_020818_152725.11040.cbin,iiiibbiiiiiiiiiiiiikbkkkiiiiiiiiiiiiiiieeeeeeeeeeeebkiiieeeeeeeeebkkkkiiiiiiiiiiieeeeeeebkkkiiiiiiiiiiieeeeeeeeebbbbkiiiiiiiiiiieeeeeeee
bird_4_020818_152751.11041.cbin,iiiiiiiiiiiibbbbbbkkkiiiiiiiiiiiiiiieeeeeeeeebkkiiiiiiiiiiiiiieeeeeeeeebkkkbbbbbkiiiiiiiiiiiiiieeeeeeibbbbbbkkiiiiiiiiiiieeeeeeebkkiiiiiiiiiiieeeeeeeebkkiiiiiiiieeeeeebkk
bird_4_020818_152842.11046.cbin,iiiiiiibbbbbbkkkiiiiiiiiiiiiibbbbkkkiiieeeeeeeebkkiiiiiiiieeeeeeebkkiiiiiiiiiiibbkiiiiikiiiiiiieeeeeeebkkbbbkkiiiiiiiiiiieeeeeeikibbkkkiiiiiiiiiiie
bird_4_020818_152935.11048.cbin,iiiiiiiiiiibbbbbkkiibbbkkkiiiiiiiiiiieeeeeeeeeeebkk
bird_4_020818_152941.11049.cbin,bbbbbbkkiiiiiiiiiiiiiieeeeeeeeeebkkkiiiiiiiiiiiibbbkkkiiiiiiiiiiieeeeeee
bird_4_020818_153742.11076.cbin,iibbbbkkkiiiiiiiiiiiiiiiibbkkiiiiiiiiiiiiiieeeeeeeebkkkiiiiiiiiiiibbbbbbkkiiiiiiiiiiiieeeeeeeee
bird_4_020818_153752.11077.cbin,ibbbbkkiieeeeeeeebkkkkiiiiiiiiiiiiiieeeeeeebbbkkiiiiiiiiiiiiiieeeeeeee
bird_4_020818_153809.11078.cbin,iiiiiiiiiiiiibbbbbbkkkkkiiiiiiiiiiieeeeeeebkkk
bird_4_020818_153830.11080.cbin,iiiiiiiiiibbbbbbbbiiiiiiiiiiiiiieeeeeeeebkkiiiiiiiiiiieeee
bird_4_020818_153844.11083.cbin,iiiiiiiiiibbbbbkkkiiiiiiiiiiiiiibbkbkkkkiiiiiiiiiiiibbbbbbkkkiiiiiiiiiiieeeeeeeeebkkbbbkkkiiiiiiiiiiiiieeeeeeeeibbkkiiiiiiiiiiiieeeeeeeebkkkibbbbkkiiiiiiiiiiiiieeeeeeeeebkkkbbbbbkiiieeeeeee
bird_4_020818_154529.11114.cbin,bbbbbkkkiiiiiiiiiiiiiiibbbbbkkiiiiiiiiiiieeeeeeeeeebkkiiieeeeeeeebkbbbbbiiiiiiiiiiiiieeeeeee
bird_4_020818_154547.11116.cbin,iiiiiibbbbbkkkkiiiiiiiiiiiiieeeeeeeeeebkbbbbbbkkiiiiiiiiiiiiiieeeeeeebkbbbbkkiiiiiiiiiiieeeeeeebkkkkiiiiiiiiiiieeeeeeeebkb
bird_4_020818_154641.11126.cbin,iiiiiiiiiiiibbbbbkkiiiiiiiiiiiiibbbbkkkiiiiiiiiiiiiieeeeeeeeebkkkkiiiiiiiiiiiieeeeeeeeeebkbbbbbkkiiiiiiiiiieeeeeeebkbbbkkiiiiiiiiiiiiieeeeeeeibbiiiieeeeeeeee
bird_4_020818_155608.11150.cbin,iibbbiiiieeeeeeeeeebkkiiiieeeeeeeeebkbbbbkkiiiiiiiiiiiiiiiiieeeeeeeeeebkbbbbkkiiiiiiiiiiiiieeeeeebbbbbiiiiiiiiiiiieeeeeeebkkiiieeeeeeeeebbbbkkiiiiiiiiiiiiieeeeeeee
bird_4_020818_155636.11151.cbin,iiiiiiiiiiiibbbbbbkkiiiiiiiiiiiiiieeeeeeeeebkkkiiieeeeeeebbbbkbbbbbbkkiiiiiiiiiiiieeeeeeeeeikkiiiiiiiiiiiiieeeeeeeeibbbkkkiiiiiiiiiiiieeeeeeeeibk
bird_4_020818_155710.11153.cbin,iiiiiiiiiibbbbbkkiiiiiiiiiiiiiiiieeeeeeeebkkkkkkiiiiiiiiieeeeeeeeebkkiiiiiiiiiiiiiieeeeeebbbbkkiiiiiiiiiiiie
bird_4_020818_160454.11211.cbin,bbbiiiiiiiiiiiibbkiieeeeeeeeebkkkiiiiiiiiiiiiieeeeeeebkiiiiieeeeeeeeebkkiiieeeeeebkbbbkkiiiiiiiiiiiiieeeeeee
bird_4_020818_160515.11212.cbin,iiiiiiiiiiibbbbbbbkkkkiiiiiiiiiiiiieeeeeeebkkkiiieeeeeeeebkkiiiiiiiiiiiibbbbkkiiiiiiiiiiiiibkkkkiiiiiiiiiiiiiieeeeeeeeibbbbkkkkkiiiiiiiiiiieeeeeee
bird_4_020818_160548.11216.cbin,iiiiiiibbbbbkkkiiiiiiiiiiiieeeeeeeebkkkiiiiiiiiiiiieeeeeeeebkkkiiiiiiiiiieeeeeeeebkbbbbbkiiiiiiiiiiiiiee
bird_4_020818_160559.11217.cbin,iibbbkiiiiiiiiiieeeeeebkkiiiiiiiiiiiiieeeeeeebkkiiiiiiiiiieeeeeeeebbbbkkiiiiiiiiiiiiieeeeeeee
bird_4_020818_161418.11244.cbin,ibbbiiiiiiiiiiiiiiiibbbkkkiiiiiiiiiiiiieeeeeeeeeeebkkiiiiiiiiiiiiiiieeeeeeeeebkkkiiiiiiiiiieeeeeeeiiiiiiiiibbbbkkiiiiiiiiiiieeeeeeeeebkkiiiieeeeeeebk
bird_4_020818_161435.11245.cbin,ibbkkkkiiiiiiiiiieeeeeeebkkkiiiiiiiiiiiiieeeeee
bird_4_020818_161454.11248.cbin,iiiiiiiiibbbbbkkkiiiiiiiiiiiiiiieeeeeeeeebkkkiiiiiiiiiieeeeeee
bird_4_020818_161500.11249.cbin,ibbbbbkkkiiiiiiiiiibbbkkiiiiiiiiiiiie
bird_4_020818_161507.11251.cbin,iiiiiiiibbbkkkiiiiiiiiiiiiiieeeeeeebkbbbbkkkkkiiiiiiiiiiieeeeeebkbbkiiiiiiiiiiii
bird_4_020818_161525.11252.cbin,iiiiiiiiibbbbbbkkkkiiiiiiiiiiiiieeeeeeeebkkkkiiiiiiiiiiiieeeeeeee
bird_4_020818_161538.11254.cbin,iiiiiiiibbbbbkkkiiiiiiiiiiiiieeeeeeeebkkkiiiiiiiiiiieeeeeeebkbbkkiieeeeeeee
bird_4_020818_161558.11255.cbin,iiiiiiiiiiibbbbbbbkkbiiiiiiiiiiiiiiiiiieeeeeeeeebkbbbbbkiiiiiiiiiieeeeeeeebkkiiiiiiiiiiibbbbkiiiiiiiiiiiiieeeeei
bird_4_020818_162007.11274.cbin,iiiibiiibiiiibiii
bird_4_020818_162159.11295.cbin,iiiiiiiiiiiiiibbbkkiiiiiiiiiiiiiiieeeeeeebkkkiiiiiiiiiiiiibbbbbkkkiiiiiiiiiiiieeeeeeeeebkkiiiiiiiiiiieeeeeeebb
bird_4_020818_162221.11296.cbin,iiiiiiiiibbbbbkkkiiiiiiiiiiiiiiieeeeeeeeeebkbbbbbkiiiiiiiiiiieeeeeeeeeebkkkiiiieeeeeeeebkkkbbbbkkkiiiiiiiiiiiiieeeeeeebkkiiiiiiiiiiieeeeeeee
bird_4_020818_162235.11297.cbin,ibbbkkkiiiiiiiiiiieeeeeeebbkiiiiiiiiiiiiiieeeeeeebkiiiiiiiiiiieeeeeeee
bird_4_020818_162251.11298.cbin,iiiiiiiiiibbbbbbbkkkkiiiiiiiiiiieeeeeeebkkkiiiiiiiiiiiibbbbbkbkkiiiiiiiiiiiieeeeeeeeeeeibbbbkkiiiiiiiiiiiieeeeeee
bird_4_020818_162328.11300.cbin,bbbbkiiiiiiiiiiiiibbbbbbkkiiiiiiiiiiiiibkkiiiiiiiiiiiiieeeeeeebkkiiiiiiiiiiiiiieeeeeeeebbkbbbkiiiiiiiiiiiieeeeeeebkbbkkiiiiiiiiiiieeeeeeeeebkkiiiiiiiiiiiiieeeeeee
bird_4_020818_162813.11327.cbin,iiiiibbbbkkkiiiiiiiiiiiiibbkkkiiiieeeeeeeebkkiiiiiiiiiiiiieeeeee
bird_4_020818_162844.11337.cbin,iiiiiiiiiiibbbbbkkkiiiiiiiiiiiiibbbbkiiiiiiiiiiiiieeeeeeeeebbkiiiiiiiiiiieekeeeeeeeebkkiiiiiiiiiiiieeeeeeeeibbbbkkiiiiiiiiiiieeeeeeeebkbbbbbiiiiiiiiiiiieeeeeeeeibbbbkkiieeeeeee
bird_4_020818_162908.11338.cbin,iiiiiiiiibbbbkkiiiiiiiiiiiiieeeeeeeebkkkiiiiiiiiiiieeeeeeeebkkkiiiiiiiiiiiiiieeeeeeebkkbbbbkkiiiiiiiiiiieeeeeee
bird_4_020818_163249.11373.cbin,iiiiiiiibbbbiiiiiiiiiiiiibbkiiiiiiiiiiieeeeeeeeeeebkkiiiiiiiiiiiiieeeeeeeebkkiiieeeeeeeebbbbiiiiiiiiiiiiiiiieeeeeeeikkiiiiiiiiiiieeeeeee
bird_4_020818_163317.11374.cbin,iiiiiiiiibbbbbbbkiiiiiiiiiiiiiiiiiiiiiibbbbbkkiiiiiiiiiiieeeeeeeebkkkiiiiiiiiiiiiieeeeeeeeebkkk
bird_4_020818_163327.11375.cbin,ibbbbkkiiiiiiiiiiiiiiieeeeeeeebkkiiiiiiiiiiieebbbbkkkiiiiiiiiiiiieeeeeeeebkkkiiiiiiiiiiiiieebebkbbbkkiiiiiiiiiieeeeeeeee
bird_4_020818_163536.11378.cbin,iiiiiiiiiiibbbkkiiiiiiiiiiiiiieeeeeeeeeeeebkkiiiiiiiiiiiiiiieeeeeebkkiiiiiiiiiiiieeeeeeeebbbbbbkkiiiiiiiiiieeeeeeeeibbbkkkiiiiiiiiiibbbkiibiiiiiiieeeeeeeeee
bird_4_020818_163720.11392.cbin,iibbbkkiiiiiiiiiiiiiiieeeeeeeeeeeebbbbbkiiiiiiiiiiiiieeeeeeeeebkiiiiiiiiiiiiiiieeeeeeeeb
bird_4_020818_163747.11393.cbin,iiiiiiiiiiiibbbbbbekkkiiiiiiiiiiiiibbbikkiiieeee
bird_4_020818_163752.11394.cbin,bbbbbkkiiiiiiiiiiiiiieeeeeeebkkiiiiiiiiiiiiiiieeeeeeeeeebkkkiiiiiiiiiiiiiieeeeeebkbbb
bird_4_020818_163902.11397.cbin,bbbbbiiiiiiiiiiiiiiiiiiiiiiiibbbbkkkkkiiiiiiiiiiieeeeeeeebkbbbbbkbkkiiiiiiiiiiiiiieeeeeeebkkiiiiiiiiiiiiieeeeeeeebkkkbbbbkiieeeeeee
bird_4_020818_165113.11426.cbin,iiiiiiiibbbbbkiiiiiiiiiiiiiibbkkkiiieeeeeeeeeeee
bird_4_020818_165132.11427.cbin,iiiiibbbbbkkiiiiiiiieeeeeeeibkkkiieeeeeebkbbbbbkkkiiiieeeeeeeee
bird_4_020818_170224.11441.cbin,iiiiiiiiiibbbkiieeeeeeeeeeebkkkkii
bird_4_020818_170235.11442.cbin,iiiiiiiiiibbbbkkiiiiiiiiiiiiiiiieeeeeeeeebkkiiiiiiiiiiiiieeeeeeeeeebkkiieeeeee
bird_4_020818_170249.11443.cbin,iiiiiiiibbbbkkiiiiiiiiiiiiieeeeeeeebkkkiiiiiiiiiiiiiiieeeeeeebk
bird_4_020818_170318.11445.cbin,iiiiiiiiiibbbbkiieeeeeeeeeibkiiiibbbbkkiieeeeeeebbbbkkkkiiiiiiiiieeeeeee
bird_4_020818_170341.11446.cbin,iiiiiiiiiiiibbbbbbkkkiiiibbbbbkiiiiibkkbbbkkkiiiiiiiieeeeeeeebkkbbkkiiiiieeeeeeeebkiiiiiiieeeeeeeee
bird_4_020818_170649.11459.cbin,iiiiiiiiiiiibbbbkiiiieeeeeeeeebkkkkiiiiiibbbkkkiiieeeeeeeeeebkkiiiieeeeeeeebkkiieeeeeeebbbkiiieeeeeeee
bird_4_020818_170742.11460.cbin,iiiiiiiiiiibbbbbbbbbkkiibbbbbkkiiiiiiiibbbbbkkiiieeeeeeee
bird_4_020818_170752.11461.cbin,ibbbbbbbkkkiiiiiiibbbbkiiiiiiieeeeeeebkkiiiiieeeeeeeeebbbbbkkiiiiieeeeeeeebkkiiiiiibbbkiiiieeeeeee
bird_4_020818_171122.11472.cbin,iiiiiiiiiiibbkkiiieeeeeeeeeebkkiieeeeeee
bird_4_020818_171456.11526.cbin,iiiiiiibbbbbkkiiiiiiibbbbkkkiiiiiiiieeeeeeeeeebkbbbbkkiiiiieeeeeeeeeebbbiiieeeeeeebkkkiiieeeeeeeebbbbbkkiiiieeeeeee
bird_4_020818_171527.11530.cbin,iiiiiiiiiiiibbbbbbbbkiiiiiiiiieeeeeeeeebkkkiiieeeeeeeeebkkbbbbkkiiiieeeeeeeebkbbbbbkkiieiiieeeeeebkkkkiiiieeeeeeeee
bird_4_020818_171543.11531.cbin,iiiibbbkkkiieeeeeeebkkkieeeeee
bird_4_020818_171601.11532.cbin,iiiiiiiiiiiibbbbbbkkkkiiiiiiiiieeeeeeebkkkiieeeeeeeibbbbbiiiiiiiieee
bird_4_020818_172920.11572.cbin,iiiiiiiiiiiibbkkkiiiiibbkiiiiiiiiebbkiiiiiiiibbbkiieeeeeeeee
bird_4_020818_172930.11573.cbin,iibbbekkiiiiiiieeeeeeebkkkkiiiiiibbbbkiiiiiiieeeeeeeebbbbbiiiiibbbkkiiiiieeeeeeee
bird_4_020818_173013.11580.cbin,iiiiiiiiiibbbbbbbkkkiiiiiibbbbkkkkbbbbkiiiiieeeeeeeeebkkk
bird_4_020818_173025.11582.cbin,iiiiiibbbbkkiiiieeeeeeeebkkbbbbbkkiiiiieeeeeee
bird_4_020818_173231.11586.cbin,iiiiiiiiiiibbbbbkkkiiiiieeeeeeeeebkiieeeeeeee
bird_4_020818_173245.11589.cbin,biiiiiiiiiiibbbbkkiiiiibbbbbkkkiiiiieeeeeeeeeiibbbbbkkkiieeeeeeeeebkkkii
bird_4_020818_173424.11610.cbin,ibbbbbiiiiiiiieeeeeeeeeeebkkkkiiiiieeeeeeeeeebkkiiiiiieeeeee
bird_4_020818_173435.11611.cbin,ibbbbbkkiiiiieeeeeeeebkkkkiiiieeeeeee
bird_4_020818_173441.11612.cbin,ibbbbkkiiiiieeeeeeebkkkiiiibbbbkkbbbbbkkkkiiiiiieeeeeeeeibbbbbbkkkkiiieeeeee
bird_4_020818_173604.11624.cbin,iiiiiiiiibbbbbbbkkkkkiiiiibbbkkkiiiiiiieeeeeeeeeebkkiiiiiiieeeeeeebbbbkiiiiiieeeeeeebkkiiiiiieeeeeeeee
bird_4_020818_173701.11627.cbin,eeeebbbbbbkkiiiiiieeeeeeeeebkbbbkkiiieeeeeeebkkkiiieeeeeeeeebbbkkiiieeeeeee
bird_4_020818_173742.11630.cbin,bkkkiiiiiiiiibbbbbkkiiiiiiiiieeeeeeeeebkkkiiiiiieeeeeeeebkbbkiiiieeeeeeeebkkkiiiieeeeeeee
bird_4_020818_173821.11631.cbin,iiiiiiiiiiiibbbbbbiiiiiiiibbbbbkkkiiiiiiiiieeeeeeeebkiiiiiiieeeeeeebbbbkkiiiiieeeeeeeebkkiieeeeeeebbbkkiiiikbbbkkiiiiiiiieeeeeeeeeibbbbkkkiiiiiiiieeeeeei
bird_4_020818_174112.11655.cbin,iiiiiiiibbbbbbbkkkiiiiiiiibbbbbbkkkkkbbbkkiiiiiiiiiiieeeeeeebkkiiieeeeeeeebbbbkkkiieeeeeee
bird_4_020818_174135.11658.cbin,iiiiiiiiiiiiibbbbbkkiiiiiiiiieeeeeeeebkkkiiiiiiieeeeeeeebbbbbkkkiiiiieeeeeebbbbbkiiieeeeeeeebkkkiibbbkiieeeeeeeee
bird_4_020818_174250.11674.cbin,iiiiiiiiiiiiibbbbbbkkkkkiiiiiiiiiiieeeeeeeebbbb
bird_4_020818_174309.11678.cbin,iiiiiiiiiiiiibbbbbkkkiiiiiiiiiibkiiiiiieeeeeeebkkkiiiiiiieeeeeebkkiiiiieeeeeeeeebkbbbbkiiiieeeeeeebkbbkkiiieeeeeeeeebkbbkkiiiieeeeeeebbbbkkkiiiieeeeeeee
bird_4_020818_174343.11679.cbin,iiiiiiiiiiiibbbibbbkkkiiiiiiiiiiiiiiiieeeeeeeebbbbbkkkkiiiiiiieeeeeeeebkkiiiiiiiieeeeeeibbbkiiiieeeeeeeee
bird_4_020818_174804.11731.cbin,bbbbkkkkiiiiiiiiiiiibbbbbkkiiiieeeeeeeebkkiiieeeeeeeeebkkbbbbbibbkiiiiieeeeeeee
bird_4_020818_175136.11756.cbin,iiiiiiiiiiibbbbkiiiibbbbbkkiiiiiiiiiieeeeeeeebkiiiiieeeeeeeebkbbbbbkkiiiiieeeeeeebbbbbkkkbbbkkkiiiieeeeeee
bird_4_020818_175216.11757.cbin,iiiiiiiiiiiibbbbbkiieeeeeebkiiiieeeeeeebkbbbbbkkbbbbiiiiiiiiiiieeeeeeeeee
bird_4_020818_175425.11767.cbin,iiiiiiiiiiibbbbbkkbbbbkiiieeeeeeeebbbbbbb
bird_4_020818_175515.11778.cbin,iiiiiiiiiiiibbbbbbbbkkkiiiiiiieeeeebbbbkkiiiiiiiiiiibbbkkiiiiiebkiiieeeeeeeeeebke
bird_4_020818_175535.11780.cbin,iiiiiiiiiiiiibbbbbkkiiiiiiiiiiiiieeeeeeeeebkkbbbbbbiieeeeeebkbbbkkiiiiiibbbkbbkkiieeeeeee
bird_4_020818_175604.11783.cbin,iiiiiiiiiiiibbbbbkkiiiiiiiiibbbbkiiiiiiiiieeeeeeee
bird_4_020818_175611.11784.cbin,bbbbbkkkkkkiiiiiieeeeeeebkkibbbbbkiiiiiieeeeeeeeibbbbkkiiiieeeeeeee
bird_4_020818_175943.11802.cbin,iiiiiiiiibbbbbbkiiiiiibbkiieeeeeeeeebbbbbbbkkkiiiiiiiieeeeeeee
bird_4_020818_180057.11813.cbin,iiiiiiiiiibbbbbkiiiiiiiiiiiibbbbkkkkiiiiieeeeeeeeebkkiiiiiieeeeeeeebkkiiiiiiiiiiiiiiiibbbbkkkkii
bird_4_020818_180109.11814.cbin,bbbbkkkkiiiiiiieeeeeeeeibbbkkkiiiieeeeeeeebkbebkkiiiieeeeeee
bird_4_020818_180158.11820.cbin,iiiiiiiiiiibbbbbkkkiiiiiiibbbbbkkkkkiiiieeeeeeeeeebkbbbbbkiiieeeeeeebkkkkiiieeeeeee
bird_4_020818_180243.11821.cbin,iiiiiiiiiiibbbbbbbkkkiiiiiieeeeeeeeeebkkkkiiiiieeeeeeeebbbbbkbbkiieeeeeeeeebbbbkkkiiiiieeeeeeee
bird_4_020818_180322.11825.cbin,iiiiiiiiiiiibbbbkkiiiiiiiibbbbbkkkkiiiiiiieeeeeeeeeeebkkkiiiiiieeeeeeebkbbbbbbbkkkiiiiiieeeeeeee
bird_4_020818_180543.11852.cbin,iiiiiiiibbbbbbkkiiiiiiiiiieeeeeebbbbbkkiiiibbbiiiiibbbkkkiiiiiiiiieeeeeeee
bird_4_020818_180914.11884.cbin,iiiiiiiiiiibbbbkiiiiiibbbbbkbkkiiiiiiiiieeeeeeeeeeebkkiiiiiiieeeeeeeebkkiiiieeeeeee
bird_4_020818_180925.11885.cbin,bbbekkiiiieeeeeeebkkiiiieeeeeeeebbbkkkiiieeeeeeee
bird_4_020818_181010.11890.cbin,iiiiiiiiiiiiiiibbbbbkkiiiiieeeeeeeebkkiiibbbbbbkkkiiieeeeeeeebkkiiiieeeeeeeebkbbbbkkiieeeeeee
bird_4_020818_181035.11892.cbin,iiiiiiiiiiibbbbbbkkkkiiiieeeeeeebkkkbbbbbkkiiiiiiiiieeeeeeeebkiieeeeeebbbkkkiieeeeeeeebkkiiiieeeeeeeebkkiiii
bird_4_020818_181100.11894.cbin,iiiiiiiiiiibbbbkkiiiiiieeeeeeeeebkkkkkkiibbbbkkkiieeeeeee
bird_4_020818_181134.11898.cbin,iiiiiiiiiiiibbbbbkkkiiiiiiiiieeeeeeebkkkiiiibbkkkkiiiieeeeeeeeebkkkiiiiieeeeeeebkkbbbkkbebbkkkiiiiiieeeeeeeebkkbbkkkiiiiieeeei
bird_4_020818_182654.11952.cbin,iiiiiiiiibbbkkiiiibbbbkkkiieeeeeeeeebiiiiieeeeeeeebbbbbkiiiiiiiibbbii
bird_4_020818_182716.11953.cbin,iibbbbkkiiiiiieeeeeeeeeebkki
bird_4_020818_182741.11956.cbin,iiiiibiiiiiiiiiieeeeeeeebkkiiiieeeeeeeebk
bird_4_020818_182751.11958.cbin,iiiiiiiiibbbbbbkkiiiieeeeeeeeebkkkibbbbbbkiiiieeeeeeeeebbbkkkiiiiiieeeeeeee
bird_4_020818_183038.11969.cbin,iiiiiiiiibbbbbkiiiibbkkiiiieeeeeeeeeieeeeee
bird_4_020818_183235.11981.cbin,iiiiibbbbkkkiiiieeeeeeeeeikkiieeeeeeebbbbkiiiiiii
bird_4_020818_183524.12014.cbin,bkkiiiieeeeeeebbbbkkkbbbbkiiiieeee
bird_4_020818_183541.12015.cbin,iiiiiibbbbbbkkiiiiibbbbbkkiiiiiibbbbkkkkiiiiiiieeeeeeeeebkbbbbbkkkiiiiiiiieeeeeeeeebkkbbbbkkiiiieeeeeeeebkbiieeeeeee
bird_4_020818_183856.12037.cbin,iiiiiiiiiibbiieeeeeeeebkkkkiiiiiiiiieeeeeebbbbkkkiiibbbbekkiiiiiieeeeeeeeee
bird_4_020818_183921.12038.cbin,iiiiiiiiiiibbbbbkkiiiiiiiieeeeeeeebkkb
bird_4_020818_183927.12039.cbin,bbbbkkiiieeeeeeeeeiiiiiiiiiiieeeeeeeibbbbbkkkkiiieeeeeeeeibbbbbkkiiiiieeeeeeee
bird_4_020818_183957.12040.cbin,iiiiiiiiiiiiibbbbbiiiiiiibbbbkkkkiiiiiiiiiiieeeeeeeebkkiiiiibbbbbbbkkkiiiiiiieeeeeebkkkbbbbkkiiieeeeeeeebkkkiiiieeeeeeeeibbbkiieeee
bird_4_020818_184648.12106.cbin,iiiiiiiiibbkkiiiiiiiiiieeeeeeeeebkbbbbbkiiiieeeeeeebbbbkiiiiiieeeeeee
bird_4_020818_184819.12114.cbin,iiiiiiiiiiiiiibbbbkkkiiiieeeeeeeebbbbbkiiiieeeeeebbbbkkkiiiieeeeeeebkkiiiibbbkkiiiieeeeeebkkkiiiiibbbkkkkiiiiieeeeee
bird_4_020818_185022.12139.cbin,iiiiiiiiiibbbkkiieeeeeeeeeb
bird_4_020818_185344.12169.cbin,iiiiiiiiiiiiiiiiibbbkiiiiiibbbkkiiiiiii
bird_4_020818_185422.12175.cbin,iiiiiiiiiiiiiiiiiiiiibbbbkkiiiieeeeeeeeebkkkiiiiiiiieeeeeeeebkkkiiii
bird_4_020818_185441.12177.cbin,iiiiiiiiiiiiibbbbkiiiiiieeeeeeebkkkkiiiiieeeeeeeebkkkiiieeeeeee
bird_4_020818_185503.12182.cbin,iiiiiiiiiibbbbbbkkkkiiiiiieeeeeeee
bird_4_020818_190252.12265.cbin,iiiiiiiiiiiiiiiiiiiiibbbbkkkiiiieeeeeeibbbbkkkkkkiiiieeeeeeeebkkkkii
bird_4_020818_190328.12274.cbin,iiiiiiiiiiiiiibbbbkkkkiiiieeeeeeeebkkkkeeeeeeebkkkkiiieeeeeeeebkiiiiiibbbbbkiiiieeeeee
bird_4_020818_190429.12285.cbin,iiiiiiiiiiiiiibbbiiiiiibbkkkkiiieeeeeeeebkkiiiieeeeeeee
bird_4_020818_190443.12287.cbin,iiiiiiiiiiiiiiiiiiiibbbbkkkiiiiieeeeeeebkkkiiiiieeeeeeeebk
bird_4_020818_190501.12289.cbin,iiiiiiiiiiiibbbbbkkiiiieeeeeeeebkkk
bird_4_020818_190545.12299.cbin,iiiiiiiiiiiiibbbkkiiiieeeeeeebkkkkiiiiiiiieeeeeeebkbbbbk
bird_4_020818_190619.12308.cbin,iiiiiiiiiiiibbbkkiiiiibbbbkkiiiiieeeeeeebikbbbbkiiieeeeeeebiiiiieeeeeeebkbbbkkkkieeeeeee
bird_4_020818_191247.12391.cbin,iiiiiiiiibbbkkiiiiibbbbbk
bird_4_020818_191423.12410.cbin,iiiiiiiibbbbbbkiiiiibbiiiiieeeeeeebbbbbbbbkkkkiiiiieeeeeeee
bird_4_020818_192122.12452.cbin,iiiiiiiibbiiiiiiiiiiiibbbbiiiiiieeeeeeee
