Row,a,d,g,e,b,c,f,h,j,k,n,o,l
a,0,1.12150883990137,0.822560442610724,1.82387215122145,0.703141790574168,0.850892832422168,2.51914216118031,1.56280047091257,0.167650534577132,2.4552527971156,0.317061340367074,2.04382390968767,2.00326763868418
d,0.614389363536252,0,1.59072659586569,NaN,0.538785280259483,1.88747917301696,2.84277082311469,0.820726269220902,0.846900699686817,2.9197823704303,1.00314778623031,2.01540240607786,2.44935202873351
g,0.600813907892458,1.44050248300575,0,NaN,NaN,0.599857448996031,0.623373692303305,0.897054717306493,NaN,NaN,0.959143515862285,2.27366672488508,2.49641208650415
e,2.68123811291027,NaN,NaN,0,NaN,NaN,NaN,NaN,NaN,3.16024540077448,NaN,NaN,2.43939816039351
b,1.47724150374982,1.74113390451939,2.15929872699361,2.9046219259818,0,NaN,3.2294112067346,0.729636953931981,1.0111921227225,2.17181099816622,2.01158885552998,NaN,3.10626199744332
c,1.14935588936851,1.76741334529963,2.31899810770779,NaN,0.893536461316455,0,2.76805385658457,0.72809720164333,0.435358061785184,NaN,1.94067070255647,1.57268272641495,NaN
f,2.57909575876167,2.8815168999948,2.62778889919509,1.46518519313228,NaN,NaN,0,3.063033097974,0.895926456831143,NaN,2.48910333926012,0.373899533454885,NaN
h,1.33911836817515,0.5925973808039,NaN,4.36668326297879,0.725633561453282,1.96776009216439,3.41672698899804,0,0.574958583956486,1.25959977428701,NaN,NaN,NaN
j,1.34649675236395,0.713122185507747,0.983445956785238,3.82523025155745,2.4858174828411,1.30678923184979,3.27439001452354,NaN,0,2.50657611774055,NaN,NaN,NaN
k,1.1178736397607,1.38488830270461,NaN,3.06650780371697,0.488566391930059,0.854137827209524,NaN,NaN,3.06469782924737,0,0.38496319245535,NaN,2.95600598867541
n,0.152986634603725,1.86376225959797,NaN,NaN,NaN,NaN,0.778486800939662,0.731300294699914,0.799056102660207,NaN,0,2.02280122197539,NaN
o,1.73516742799864,1.92992058800842,2.02366614560057,0.689700234534596,1.8214073882823,2.21800491658598,0.476369331116701,2.67129593581393,NaN,NaN,2.50187149598712,0,NaN
l,2.52750654483348,2.49846149297991,2.56419937446538,1.10825556312502,2.98776406338351,NaN,0.261226081885639,NaN,2.80301443956499,NaN,2.00716410691525,2.10944980361013,0
